PLAYER_ID,PLAYER,TEAM_NAME,TEAM_ID
1642365,Nikola Đurišić,Atlanta Hawks,1610612737
1642947,Eli John Ndiaye,Atlanta Hawks,1610612737
1631210,Jacob Toppin,Atlanta Hawks,1610612737
1630552,Jalen Johnson,Atlanta Hawks,1610612737
1631216,Caleb Houstan,Atlanta Hawks,1610612737
1630811,Keaton Wallace,Atlanta Hawks,1610612737
1642368,N'Faly Dante,Atlanta Hawks,1610612737
1628379,Luke Kennard,Atlanta Hawks,1610612737
1630700,Dyson Daniels,Atlanta Hawks,1610612737
1629638,Nickeil Alexander-Walker,Atlanta Hawks,1610612737
204001,Kristaps Porziņģis,Atlanta Hawks,1610612737
1642258,Zaccharie Risacher,Atlanta Hawks,1610612737
1629027,Trae Young,Atlanta Hawks,1610612737
1642854,Asa Newell,Atlanta Hawks,1610612737
1630168,Onyeka Okongwu,Atlanta Hawks,1610612737
1631243,Mouhamed Gueye,Atlanta Hawks,1610612737
1630249,Vít Krejčí,Atlanta Hawks,1610612737
1629646,Charles Bassey,Atlanta Hawks,1610612737
1642961,RJ Luis Jr.,Boston Celtics,1610612738
1628369,Jayson Tatum,Boston Celtics,1610612738
1629014,Anfernee Simons,Boston Celtics,1610612738
1627759,Jaylen Brown,Boston Celtics,1610612738
1631169,Josh Minott,Boston Celtics,1610612738
1631111,Wendell Moore Jr.,Boston Celtics,1610612738
1628401,Derrick White,Boston Celtics,1610612738
1631112,Kendall Brown,Boston Celtics,1610612738
1630202,Payton Pritchard,Boston Celtics,1610612738
1631199,Ron Harper Jr.,Boston Celtics,1610612738
1641779,Jalen Bridges,Boston Celtics,1610612738
1628449,Chris Boucher,Boston Celtics,1610612738
1630214,Xavier Tillman,Boston Celtics,1610612738
1641775,Jordan Walsh,Boston Celtics,1610612738
1642864,Hugo González,Boston Celtics,1610612738
1642917,Max Shulga,Boston Celtics,1610612738
1630573,Sam Hauser,Boston Celtics,1610612738
1630568,Luka Garza,Boston Celtics,1610612738
1631248,Baylor Scheierman,Boston Celtics,1610612738
1642873,Amari Williams,Boston Celtics,1610612738
1629674,Neemias Queta,Boston Celtics,1610612738
1641807,Norchad Omier,Cleveland Cavaliers,1610612739
1642046,Miller Kopp,Cleveland Cavaliers,1610612739
1642400,Tristan Enaruna,Cleveland Cavaliers,1610612739
1643052,Chaney Johnson,Cleveland Cavaliers,1610612739
1629622,Max Strus,Cleveland Cavaliers,1610612739
1628366,Lonzo Ball,Cleveland Cavaliers,1610612739
1628418,Thomas Bryant,Cleveland Cavaliers,1610612739
1630596,Evan Mobley,Cleveland Cavaliers,1610612739
1630241,Sam Merrill,Cleveland Cavaliers,1610612739
1630165,Killian Hayes,Cleveland Cavaliers,1610612739
1641854,Craig Porter Jr.,Cleveland Cavaliers,1610612739
1629636,Darius Garland,Cleveland Cavaliers,1610612739
1629631,De'Andre Hunter,Cleveland Cavaliers,1610612739
1642281,Jaylon Tyson,Cleveland Cavaliers,1610612739
1626204,Larry Nance Jr.,Cleveland Cavaliers,1610612739
1642878,Tyrese Proctor,Cleveland Cavaliers,1610612739
1641772,Nae'Qwan Tomlin,Cleveland Cavaliers,1610612739
1628386,Jarrett Allen,Cleveland Cavaliers,1610612739
1629731,Dean Wade,Cleveland Cavaliers,1610612739
1631247,Luke Travers,Cleveland Cavaliers,1610612739
1628378,Donovan Mitchell,Cleveland Cavaliers,1610612739
1642490,Josh Oduro,New Orleans Pelicans,1610612740
1642936,Chase Hunter,New Orleans Pelicans,1610612740
1643104,Christian Shumate,New Orleans Pelicans,1610612740
1642847,Jeremiah Fears,New Orleans Pelicans,1610612740
1629627,Zion Williamson,New Orleans Pelicans,1610612740
1630529,Herbert Jones,New Orleans Pelicans,1610612740
1629673,Jordan Poole,New Orleans Pelicans,1610612740
1630621,Hunter Dickinson,New Orleans Pelicans,1610612740
1627749,Dejounte Murray,New Orleans Pelicans,1610612740
1630531,Jaden Springer,New Orleans Pelicans,1610612740
1631121,Bryce McGowens,New Orleans Pelicans,1610612740
1642877,Micah Peavy,New Orleans Pelicans,1610612740
1630631,Jose Alvarado,New Orleans Pelicans,1610612740
1631255,Karlo Matković,New Orleans Pelicans,1610612740
1642274,Yves Missi,New Orleans Pelicans,1610612740
1642852,Derik Queen,New Orleans Pelicans,1610612740
1641725,Trey Alexander,New Orleans Pelicans,1610612740
1641722,Jordan Hawkins,New Orleans Pelicans,1610612740
1630530,Trey Murphy III,New Orleans Pelicans,1610612740
1630180,Saddiq Bey,New Orleans Pelicans,1610612740
1626172,Kevon Looney,New Orleans Pelicans,1610612740
1629632,Coby White,Chicago Bulls,1610612741
1630581,Josh Giddey,Chicago Bulls,1610612741
1628975,Jevon Carter,Chicago Bulls,1610612741
1631207,Dalen Terry,Chicago Bulls,1610612741
202696,Nikola Vučević,Chicago Bulls,1610612741
1630245,Ayo Dosunmu,Chicago Bulls,1610612741
1628380,Zach Collins,Chicago Bulls,1610612741
1628989,Kevin Huerter,Chicago Bulls,1610612741
1641824,Matas Buzelis,Chicago Bulls,1610612741
1641763,Julian Phillips,Chicago Bulls,1610612741
1631338,Mouhamadou Gueye,Chicago Bulls,1610612741
1642530,Yuki Kawamura,Chicago Bulls,1610612741
1641801,Emanuel Miller,Chicago Bulls,1610612741
1642855,Noa Essengue,Chicago Bulls,1610612741
1630188,Jalen Smith,Chicago Bulls,1610612741
1630200,Tre Jones,Chicago Bulls,1610612741
1630171,Isaac Okoro,Chicago Bulls,1610612741
1630172,Patrick Williams,Chicago Bulls,1610612741
1642950,Lachlan Olbrich,Chicago Bulls,1610612741
1630619,Moussa Cisse,Dallas Mavericks,1610612742
1642939,Miles Kelly,Dallas Mavericks,1610612742
1642948,Ryan Nembhard,Dallas Mavericks,1610612742
1631108,Max Christie,Dallas Mavericks,1610612742
203957,Danté Exum,Dallas Mavericks,1610612742
1630702,Jaden Hardy,Dallas Mavericks,1610612742
1641726,Dereck Lively II,Dallas Mavericks,1610612742
203076,Anthony Davis,Dallas Mavericks,1610612742
1628372,Dennis Smith Jr.,Dallas Mavericks,1610612742
1626156,D'Angelo Russell,Dallas Mavericks,1610612742
1630625,Dalano Banton,Dallas Mavericks,1610612742
203939,Dwight Powell,Dallas Mavericks,1610612742
1630314,Brandon Williams,Dallas Mavericks,1610612742
202681,Kyrie Irving,Dallas Mavericks,1610612742
1630230,Naji Marshall,Dallas Mavericks,1610612742
1628997,Caleb Martin,Dallas Mavericks,1610612742
1629655,Daniel Gafford,Dallas Mavericks,1610612742
1629023,P.J. Washington,Dallas Mavericks,1610612742
202691,Klay Thompson,Dallas Mavericks,1610612742
1642843,Cooper Flagg,Dallas Mavericks,1610612742
1630526,Jeremiah Robinson-Earl,Dallas Mavericks,1610612742
1642926,Tamar Bates,Denver Nuggets,1610612743
1642938,Curtis Jones,Denver Nuggets,1610612743
1631128,Christian Braun,Denver Nuggets,1610612743
1631124,Julian Strawther,Denver Nuggets,1610612743
1629650,Moses Brown,Denver Nuggets,1610612743
1641816,Hunter Tyson,Denver Nuggets,1610612743
1631212,Peyton Watson,Denver Nuggets,1610612743
203501,Tim Hardaway Jr.,Denver Nuggets,1610612743
1628971,Bruce Brown,Denver Nuggets,1610612743
1641747,DaRon Holmes II,Denver Nuggets,1610612743
203999,Nikola Jokić,Denver Nuggets,1610612743
202685,Jonas Valančiūnas,Denver Nuggets,1610612743
1630556,Kessler Edwards,Denver Nuggets,1610612743
1642461,Spencer Jones,Denver Nuggets,1610612743
1630192,Zeke Nnaji,Denver Nuggets,1610612743
1629661,Cameron Johnson,Denver Nuggets,1610612743
1629618,Jalen Pickett,Denver Nuggets,1610612743
1627750,Jamal Murray,Denver Nuggets,1610612743
203932,Aaron Gordon,Denver Nuggets,1610612743
1627780,Gary Payton II,Golden State Warriors,1610612744
1630228,Jonathan Kuminga,Golden State Warriors,1610612744
1641764,Brandin Podziemski,Golden State Warriors,1610612744
1642954,Will Richard,Golden State Warriors,1610612744
1630541,Moses Moody,Golden State Warriors,1610612744
1627741,Buddy Hield,Golden State Warriors,1610612744
1629001,De'Anthony Melton,Golden State Warriors,1610612744
202710,Jimmy Butler III,Golden State Warriors,1610612744
1629716,Marques Bolden,Golden State Warriors,1610612744
1630611,Gui Santos,Golden State Warriors,1610612744
1643018,LJ Cryer,Golden State Warriors,1610612744
201143,Al Horford,Golden State Warriors,1610612744
1642366,Quinten Post,Golden State Warriors,1610612744
1642893,Alex Toohey,Golden State Warriors,1610612744
203110,Draymond Green,Golden State Warriors,1610612744
201939,Stephen Curry,Golden State Warriors,1610612744
203552,Seth Curry,Golden State Warriors,1610612744
1631218,Trayce Jackson-Davis,Golden State Warriors,1610612744
1642050,Jackson Rowe,Golden State Warriors,1610612744
1630311,Pat Spencer,Golden State Warriors,1610612744
1641795,Taevion Kinsey,Golden State Warriors,1610612744
1643069,Cameron Matthews,Houston Rockets,1610612745
1628988,Aaron Holiday,Houston Rockets,1610612745
1641708,Amen Thompson,Houston Rockets,1610612745
1627827,Dorian Finney-Smith,Houston Rockets,1610612745
1627832,Fred VanVleet,Houston Rockets,1610612745
201142,Kevin Durant,Houston Rockets,1610612745
1630256,Jae'Sean Tate,Houston Rockets,1610612745
1630284,Kevon Harris,Houston Rockets,1610612745
1631095,Jabari Smith Jr.,Houston Rockets,1610612745
203500,Steven Adams,Houston Rockets,1610612745
1642263,Reed Sheppard,Houston Rockets,1610612745
1631106,Tari Eason,Houston Rockets,1610612745
1631120,JD Davison,Houston Rockets,1610612745
1629006,Josh Okogie,Houston Rockets,1610612745
1642384,Isaiah Crawford,Houston Rockets,1610612745
1630578,Alperen Sengun,Houston Rockets,1610612745
203991,Clint Capela,Houston Rockets,1610612745
201145,Jeff Green,Houston Rockets,1610612745
1642967,John Poulakidas,Los Angeles Clippers,1610612746
1643141,Jahmyl Telfort,Los Angeles Clippers,1610612746
203078,Bradley Beal,Los Angeles Clippers,1610612746
201935,James Harden,Los Angeles Clippers,1610612746
202695,Kawhi Leonard,Los Angeles Clippers,1610612746
101108,Chris Paul,Los Angeles Clippers,1610612746
1642920,Kobe Sanders,Los Angeles Clippers,1610612746
1627884,Derrick Jones Jr.,Los Angeles Clippers,1610612746
1627739,Kris Dunn,Los Angeles Clippers,1610612746
1642280,Trentyn Flowers,Los Angeles Clippers,1610612746
1630554,Jason Preston,Los Angeles Clippers,1610612746
203992,Bogdan Bogdanović,Los Angeles Clippers,1610612746
201572,Brook Lopez,Los Angeles Clippers,1610612746
1641757,Jordan Miller,Los Angeles Clippers,1610612746
1642353,Cam Christie,Los Angeles Clippers,1610612746
1642949,Yanic Konan Niederhäuser,Los Angeles Clippers,1610612746
1628381,John Collins,Los Angeles Clippers,1610612746
1631116,Patrick Baldwin Jr.,Los Angeles Clippers,1610612746
1641738,Kobe Brown,Los Angeles Clippers,1610612746
201587,Nicolas Batum,Los Angeles Clippers,1610612746
1627826,Ivica Zubac,Los Angeles Clippers,1610612746
1642930,R.J. Davis,Los Angeles Lakers,1610612747
1643024,Chris Mañon,Los Angeles Lakers,1610612747
1643051,Augustas Marčiulionis,Los Angeles Lakers,1610612747
1642876,Adou Thiero,Los Angeles Lakers,1610612747
1629020,Jarred Vanderbilt,Los Angeles Lakers,1610612747
1641733,Nick Smith Jr.,Los Angeles Lakers,1610612747
1642261,Dalton Knecht,Los Angeles Lakers,1610612747
1629028,Deandre Ayton,Los Angeles Lakers,1610612747
1629216,Gabe Vincent,Los Angeles Lakers,1610612747
1642355,Bronny James,Los Angeles Lakers,1610612747
1631132,Christian Koloko,Los Angeles Lakers,1610612747
1629637,Jaxson Hayes,Los Angeles Lakers,1610612747
1631222,Jake LaRavia,Los Angeles Lakers,1610612747
1628467,Maxi Kleber,Los Angeles Lakers,1610612747
1630559,Austin Reaves,Los Angeles Lakers,1610612747
1631466,Nate Williams,Los Angeles Lakers,1610612747
2544,LeBron James,Los Angeles Lakers,1610612747
1629060,Rui Hachimura,Los Angeles Lakers,1610612747
1641817,Anton Watson,Los Angeles Lakers,1610612747
203935,Marcus Smart,Los Angeles Lakers,1610612747
1629029,Luka Dončić,Los Angeles Lakers,1610612747
1642066,Myron Gardner,Miami Heat,1610612748
1643019,Gabe Madsen,Miami Heat,1610612748
1643120,Dain Dainja,Miami Heat,1610612748
1631323,Simone Fontecchio,Miami Heat,1610612748
1626179,Terry Rozier,Miami Heat,1610612748
1630173,Precious Achiuwa,Miami Heat,1610612748
1631107,Nikola Jović,Miami Heat,1610612748
1642276,Kel'el Ware,Miami Heat,1610612748
1641796,Pelle Larsson,Miami Heat,1610612748
1631170,Jaime Jaquez Jr.,Miami Heat,1610612748
1642443,Jahmir Young,Miami Heat,1610612748
1630696,Dru Smith,Miami Heat,1610612748
1628389,Bam Adebayo,Miami Heat,1610612748
1629639,Tyler Herro,Miami Heat,1610612748
1642352,Keshad Johnson,Miami Heat,1610612748
203952,Andrew Wiggins,Miami Heat,1610612748
1626181,Norman Powell,Miami Heat,1610612748
1642857,Kasparas Jakučionis,Miami Heat,1610612748
1630558,Davion Mitchell,Miami Heat,1610612748
1642884,Vladislav Goldin,Miami Heat,1610612748
1630679,Ethan Thompson,Miami Heat,1610612748
1630579,Jericho Sims,Milwaukee Bucks,1610612749
1626167,Myles Turner,Milwaukee Bucks,1610612749
1629018,Gary Trent Jr.,Milwaukee Bucks,1610612749
1629645,Kevin Porter Jr.,Milwaukee Bucks,1610612749
1626171,Bobby Portis,Milwaukee Bucks,1610612749
203914,Gary Harris,Milwaukee Bucks,1610612749
1627752,Taurean Prince,Milwaukee Bucks,1610612749
1631157,Ryan Rollins,Milwaukee Bucks,1610612749
1631123,Jamaree Bouyea,Milwaukee Bucks,1610612749
1629599,Amir Coffey,Milwaukee Bucks,1610612749
1628398,Kyle Kuzma,Milwaukee Bucks,1610612749
1641813,Mark Sears,Milwaukee Bucks,1610612749
1631260,AJ Green,Milwaukee Bucks,1610612749
1641890,Tyler Smith,Milwaukee Bucks,1610612749
1641753,Chris Livingston,Milwaukee Bucks,1610612749
1642504,Cormac Ryan,Milwaukee Bucks,1610612749
203507,Giannis Antetokounmpo,Milwaukee Bucks,1610612749
1631250,Pete Nance,Milwaukee Bucks,1610612749
203648,Thanasis Antetokounmpo,Milwaukee Bucks,1610612749
1641748,Andre Jackson Jr.,Milwaukee Bucks,1610612749
1630175,Cole Anthony,Milwaukee Bucks,1610612749
1642389,Zyon Pullin,Minnesota Timberwolves,1610612750
1628978,Donte DiVincenzo,Minnesota Timberwolves,1610612750
1630545,Terrence Shannon Jr.,Minnesota Timberwolves,1610612750
1630183,Jaden McDaniels,Minnesota Timberwolves,1610612750
1642265,Rob Dillingham,Minnesota Timberwolves,1610612750
1630162,Anthony Edwards,Minnesota Timberwolves,1610612750
204060,Joe Ingles,Minnesota Timberwolves,1610612750
1630538,Bones Hyland,Minnesota Timberwolves,1610612750
201144,Mike Conley,Minnesota Timberwolves,1610612750
1629675,Naz Reid,Minnesota Timberwolves,1610612750
1641803,Tristen Newton,Minnesota Timberwolves,1610612750
1631262,Jules Bernard,Minnesota Timberwolves,1610612750
1642866,Joan Beringer,Minnesota Timberwolves,1610612750
1641740,Jaylen Clark,Minnesota Timberwolves,1610612750
1628993,Alize Johnson,Minnesota Timberwolves,1610612750
1642402,Enrique Freeman,Minnesota Timberwolves,1610612750
203497,Rudy Gobert,Minnesota Timberwolves,1610612750
203944,Julius Randle,Minnesota Timberwolves,1610612750
1630548,Johnny Juzang,Minnesota Timberwolves,1610612750
1631159,Leonard Miller,Minnesota Timberwolves,1610612750
1642911,Rocco Zikarsky,Minnesota Timberwolves,1610612750
1641727,Dariq Whitehead,Brooklyn Nets,1610612751
1630533,Ziaire Williams,Brooklyn Nets,1610612751
1642874,Danny Wolf,Brooklyn Nets,1610612751
1642962,Drake Powell,Brooklyn Nets,1610612751
1629312,Haywood Highsmith,Brooklyn Nets,1610612751
1642856,Egor Dëmin,Brooklyn Nets,1610612751
1630604,E.J. Liddell,Brooklyn Nets,1610612751
1630623,Tyson Etienne,Brooklyn Nets,1610612751
1630855,Zeng Fanbo,Brooklyn Nets,1610612751
1631213,Tyrese Martin,Brooklyn Nets,1610612751
1629611,Terance Mann,Brooklyn Nets,1610612751
1629008,Michael Porter Jr.,Brooklyn Nets,1610612751
1630549,Day'Ron Sharpe,Brooklyn Nets,1610612751
1641730,Noah Clowney,Brooklyn Nets,1610612751
1630592,Jalen Wilson,Brooklyn Nets,1610612751
1630560,Cam Thomas,Brooklyn Nets,1610612751
1631166,Drew Timme,Brooklyn Nets,1610612751
1629651,Nic Claxton,Brooklyn Nets,1610612751
1641723,Kobe Bufkin,Brooklyn Nets,1610612751
1642879,Ben Saraf,Brooklyn Nets,1610612751
1642849,Nolan Traore,Brooklyn Nets,1610612751
203903,Jordan Clarkson,New York Knicks,1610612752
1630540,Miles McBride,New York Knicks,1610612752
1628404,Josh Hart,New York Knicks,1610612752
1642359,Pacôme Dadiet,New York Knicks,1610612752
1627763,Malcolm Brogdon,New York Knicks,1610612752
1628384,OG Anunoby,New York Knicks,1610612752
1641755,Kevin McCullar Jr.,New York Knicks,1610612752
1628973,Jalen Brunson,New York Knicks,1610612752
1642278,Tyler Kolek,New York Knicks,1610612752
1629726,Garrison Mathews,New York Knicks,1610612752
1641787,Tosan Evbuomwan,New York Knicks,1610612752
203458,Alex Len,New York Knicks,1610612752
1629011,Mitchell Robinson,New York Knicks,1610612752
1628969,Mikal Bridges,New York Knicks,1610612752
1627824,Guerschon Yabusele,New York Knicks,1610612752
1626157,Karl-Anthony Towns,New York Knicks,1610612752
1630346,Matt Ryan,New York Knicks,1610612752
1629013,Landry Shamet,New York Knicks,1610612752
1641998,Trey Jemison III,New York Knicks,1610612752
1642885,Mohamed Diawara,New York Knicks,1610612752
1630574,Ariel Hukporti,New York Knicks,1610612752
1631457,Alex Morales,Orlando Magic,1610612753
1641710,Anthony Black,Orlando Magic,1610612753
1628371,Jonathan Isaac,Orlando Magic,1610612753
1626145,Tyus Jones,Orlando Magic,1610612753
1630217,Desmond Bane,Orlando Magic,1610612753
1630591,Jalen Suggs,Orlando Magic,1610612753
1631094,Paolo Banchero,Orlando Magic,1610612753
1631288,Jamal Cain,Orlando Magic,1610612753
1642859,Jase Richardson,Orlando Magic,1610612753
1641724,Jett Howard,Orlando Magic,1610612753
1630658,Colin Castleton,Orlando Magic,1610612753
1630622,Jalen Crutcher,Orlando Magic,1610612753
1629021,Moritz Wagner,Orlando Magic,1610612753
1631115,Orlando Robinson,Orlando Magic,1610612753
1630532,Franz Wagner,Orlando Magic,1610612753
1641783,Tristan da Silva,Orlando Magic,1610612753
1631311,Lester Quinones,Orlando Magic,1610612753
1641736,Reece Beekman,Orlando Magic,1610612753
1628976,Wendell Carter Jr.,Orlando Magic,1610612753
1629048,Goga Bitadze,Orlando Magic,1610612753
1642869,Noah Penda,Orlando Magic,1610612753
1630169,Tyrese Haliburton,Indiana Pacers,1610612754
1631097,Bennedict Mathurin,Indiana Pacers,1610612754
1630167,Obi Toppin,Indiana Pacers,1610612754
1626166,Cameron Payne,Indiana Pacers,1610612754
1629614,Andrew Nembhard,Indiana Pacers,1610612754
1643007,Taelon Peter,Indiana Pacers,1610612754
1641716,Jarace Walker,Indiana Pacers,1610612754
1642880,Kam Jones,Indiana Pacers,1610612754
204456,T.J. McConnell,Indiana Pacers,1610612754
1642484,RayJ Dennis,Indiana Pacers,1610612754
1630164,James Wiseman,Indiana Pacers,1610612754
1642277,Johnny Furphy,Indiana Pacers,1610612754
1628396,Tony Bradley,Indiana Pacers,1610612754
1641771,Jalen Slawson,Indiana Pacers,1610612754
1630543,Isaiah Jackson,Indiana Pacers,1610612754
1630174,Aaron Nesmith,Indiana Pacers,1610612754
1641767,Ben Sheppard,Indiana Pacers,1610612754
1631245,Quenton Jackson,Indiana Pacers,1610612754
1630643,Jay Huff,Indiana Pacers,1610612754
1642440,Gabe McGlothan,Indiana Pacers,1610612754
1627783,Pascal Siakam,Indiana Pacers,1610612754
1641780,Johni Broome,Philadelphia 76ers,1610612755
1642282,Hunter Sallis,Philadelphia 76ers,1610612755
1642845,VJ Edgecombe,Philadelphia 76ers,1610612755
1643148,Saint Thomas,Philadelphia 76ers,1610612755
1630178,Tyrese Maxey,Philadelphia 76ers,1610612755
203083,Andre Drummond,Philadelphia 76ers,1610612755
1631113,Kennedy Chandler,Philadelphia 76ers,1610612755
1629656,Quentin Grimes,Philadelphia 76ers,1610612755
200768,Kyle Lowry,Philadelphia 76ers,1610612755
202331,Paul George,Philadelphia 76ers,1610612755
1626162,Kelly Oubre Jr.,Philadelphia 76ers,1610612755
1642348,Justin Edwards,Philadelphia 76ers,1610612755
1630570,Trendon Watford,Philadelphia 76ers,1610612755
1642272,Jared McCain,Philadelphia 76ers,1610612755
1641734,Emoni Bates,Philadelphia 76ers,1610612755
203954,Joel Embiid,Philadelphia 76ers,1610612755
201569,Eric Gordon,Philadelphia 76ers,1610612755
1631230,Dominick Barlow,Philadelphia 76ers,1610612755
1641737,Adem Bona,Philadelphia 76ers,1610612755
1630792,Malcolm Hill,Philadelphia 76ers,1610612755
1631133,Jabari Walker,Philadelphia 76ers,1610612755
1642487,Tyrese Samuel,Phoenix Suns,1610612756
1642863,Khaman Maluach,Phoenix Suns,1610612756
1642886,Koby Brea,Phoenix Suns,1610612756
1643047,CJ Huntley,Phoenix Suns,1610612756
1642346,Ryan Dunn,Phoenix Suns,1610612756
1626220,Royce O'Neale,Phoenix Suns,1610612756
1626164,Devin Booker,Phoenix Suns,1610612756
1630208,Nick Richards,Phoenix Suns,1610612756
1628415,Dillon Brooks,Phoenix Suns,1610612756
1630224,Jalen Green,Phoenix Suns,1610612756
1630561,David Duke Jr.,Phoenix Suns,1610612756
1641878,Damion Baugh,Phoenix Suns,1610612756
1628960,Grayson Allen,Phoenix Suns,1610612756
1642345,Oso Ighodaro,Phoenix Suns,1610612756
1630215,Jared Butler,Phoenix Suns,1610612756
1631221,Collin Gillespie,Phoenix Suns,1610612756
1630587,Isaiah Livers,Phoenix Suns,1610612756
1631109,Mark Williams,Phoenix Suns,1610612756
1642853,Rasheer Fleming,Phoenix Suns,1610612756
1628502,Nigel Hayes-Davis,Phoenix Suns,1610612756
1630692,Jordan Goodwin,Phoenix Suns,1610612756
1631126,Caleb Love,Portland Trail Blazers,1610612757
1631451,Javonte Cooke,Portland Trail Blazers,1610612757
1642905,Yang Hansen,Portland Trail Blazers,1610612757
203081,Damian Lillard,Portland Trail Blazers,1610612757
1630703,Scoot Henderson,Portland Trail Blazers,1610612757
1631104,Blake Wesley,Portland Trail Blazers,1610612757
1629680,Matisse Thybulle,Portland Trail Blazers,1610612757
201950,Jrue Holiday,Portland Trail Blazers,1610612757
1630166,Deni Avdija,Portland Trail Blazers,1610612757
203924,Jerami Grant,Portland Trail Blazers,1610612757
1631101,Shaedon Sharpe,Portland Trail Blazers,1610612757
1641712,Rayan Rupert,Portland Trail Blazers,1610612757
1642270,Donovan Clingan,Portland Trail Blazers,1610612757
1631200,Kris Murray,Portland Trail Blazers,1610612757
1641871,Duop Reath,Portland Trail Blazers,1610612757
1641739,Toumani Camara,Portland Trail Blazers,1610612757
1629057,Robert Williams III,Portland Trail Blazers,1610612757
1631321,Sidy Cissoko,Portland Trail Blazers,1610612757
1641815,Isaiah Stevens,Sacramento Kings,1610612758
1642928,Dylan Cardwell,Sacramento Kings,1610612758
1643112,Mitchell Mascari,Sacramento Kings,1610612758
1643138,Daniel Batcho,Sacramento Kings,1610612758
1628370,Malik Monk,Sacramento Kings,1610612758
1629056,Terence Davis,Sacramento Kings,1610612758
1642403,Isaac Jones,Sacramento Kings,1610612758
1642363,Nique Clifford,Sacramento Kings,1610612758
203926,Doug McDermott,Sacramento Kings,1610612758
203897,Zach LaVine,Sacramento Kings,1610612758
203967,Dario Šarić,Sacramento Kings,1610612758
201942,DeMar DeRozan,Sacramento Kings,1610612758
1627734,Domantas Sabonis,Sacramento Kings,1610612758
1631099,Keegan Murray,Sacramento Kings,1610612758
203471,Dennis Schröder,Sacramento Kings,1610612758
1629234,Drew Eubanks,Sacramento Kings,1610612758
1642269,Devin Carter,Sacramento Kings,1610612758
1631165,Keon Ellis,Sacramento Kings,1610612758
1631342,Daeqwon Plowden,Sacramento Kings,1610612758
1642875,Maxime Raynaud,Sacramento Kings,1610612758
1629162,Jordan McLaughlin,San Antonio Spurs,1610612759
1641705,Victor Wembanyama,San Antonio Spurs,1610612759
1642844,Dylan Harper,San Antonio Spurs,1610612759
1629640,Keldon Johnson,San Antonio Spurs,1610612759
1628368,De'Aaron Fox,San Antonio Spurs,1610612759
1642264,Stephon Castle,San Antonio Spurs,1610612759
1628436,Luke Kornet,San Antonio Spurs,1610612759
203482,Kelly Olynyk,San Antonio Spurs,1610612759
1631110,Jeremy Sochan,San Antonio Spurs,1610612759
1642868,Carter Bryant,San Antonio Spurs,1610612759
1641745,Adam Flagler,San Antonio Spurs,1610612759
1630649,Stanley Umude,San Antonio Spurs,1610612759
202687,Bismack Biyombo,San Antonio Spurs,1610612759
1630170,Devin Vassell,San Antonio Spurs,1610612759
1642357,David Jones Garcia,San Antonio Spurs,1610612759
1642434,Riley Minix,San Antonio Spurs,1610612759
1630577,Julian Champagnie,San Antonio Spurs,1610612759
1630695,Micah Potter,San Antonio Spurs,1610612759
203084,Harrison Barnes,San Antonio Spurs,1610612759
1630322,Lindy Waters III,San Antonio Spurs,1610612759
1631127,Harrison Ingram,San Antonio Spurs,1610612759
1642959,Chris Youngblood,Oklahoma City Thunder,1610612760
1643113,Zack Austin,Oklahoma City Thunder,1610612760
1641789,Jazian Gortman,Oklahoma City Thunder,1610612760
1628983,Shai Gilgeous-Alexander,Oklahoma City Thunder,1610612760
1629652,Luguentz Dort,Oklahoma City Thunder,1610612760
1631119,Jaylin Williams,Oklahoma City Thunder,1610612760
1631096,Chet Holmgren,Oklahoma City Thunder,1610612760
1631114,Jalen Williams,Oklahoma City Thunder,1610612760
1627936,Alex Caruso,Oklahoma City Thunder,1610612760
1630198,Isaiah Joe,Oklahoma City Thunder,1610612760
1642850,Thomas Sorber,Oklahoma City Thunder,1610612760
1631172,Ousmane Dieng,Oklahoma City Thunder,1610612760
1642382,Branden Carlson,Oklahoma City Thunder,1610612760
1642502,Malevy Leons,Oklahoma City Thunder,1610612760
1630598,Aaron Wiggins,Oklahoma City Thunder,1610612760
1641717,Cason Wallace,Oklahoma City Thunder,1610612760
1642964,Brooks Barnhizer,Oklahoma City Thunder,1610612760
1642349,Ajay Mitchell,Oklahoma City Thunder,1610612760
1629026,Kenrich Williams,Oklahoma City Thunder,1610612760
1642260,Nikola Topić,Oklahoma City Thunder,1610612760
1628392,Isaiah Hartenstein,Oklahoma City Thunder,1610612760
1642935,Chucky Hepburn,Toronto Raptors,1610612761
1630639,A.J. Lawson,Toronto Raptors,1610612761
1641711,Gradey Dick,Toronto Raptors,1610612761
1642367,Jonathan Mogbo,Toronto Raptors,1610612761
1627742,Brandon Ingram,Toronto Raptors,1610612761
1630567,Scottie Barnes,Toronto Raptors,1610612761
1630193,Immanuel Quickley,Toronto Raptors,1610612761
1631197,Jared Rhoden,Toronto Raptors,1610612761
1629628,RJ Barrett,Toronto Raptors,1610612761
1642867,Collin Murray-Boyles,Toronto Raptors,1610612761
1642266,Ja'Kobe Walter,Toronto Raptors,1610612761
202066,Garrett Temple,Toronto Raptors,1610612761
1627751,Jakob Poeltl,Toronto Raptors,1610612761
1642279,Ulrich Chomche,Toronto Raptors,1610612761
1642347,Jamal Shead,Toronto Raptors,1610612761
1630846,Olivier Sarr,Toronto Raptors,1610612761
1630534,Ochai Agbaji,Toronto Raptors,1610612761
1631223,David Roddy,Toronto Raptors,1610612761
1630572,Sandro Mamukelashvili,Toronto Raptors,1610612761
1642918,Alijah Martin,Toronto Raptors,1610612761
1642419,Jamison Battle,Toronto Raptors,1610612761
1630546,Max Abmas,Utah Jazz,1610612762
1630787,Cameron McGriff,Utah Jazz,1610612762
1641707,Taylor Hendricks,Utah Jazz,1610612762
203937,Kyle Anderson,Utah Jazz,1610612762
1641718,Keyonte George,Utah Jazz,1610612762
1628964,Mo Bamba,Utah Jazz,1610612762
1642262,Cody Williams,Utah Jazz,1610612762
1642268,Isaiah Collier,Utah Jazz,1610612762
1629004,Svi Mykhailiuk,Utah Jazz,1610612762
1642383,Walter Clayton Jr.,Utah Jazz,1610612762
1641989,Elijah Harkless,Utah Jazz,1610612762
1642910,John Tonje,Utah Jazz,1610612762
1642846,Ace Bailey,Utah Jazz,1610612762
1642271,Kyle Filipowski,Utah Jazz,1610612762
1628374,Lauri Markkanen,Utah Jazz,1610612762
1631117,Walker Kessler,Utah Jazz,1610612762
1641729,Brice Sensabaugh,Utah Jazz,1610612762
203994,Jusuf Nurkić,Utah Jazz,1610612762
1627777,Georges Niang,Utah Jazz,1610612762
1631131,Oscar Tshiebwe,Utah Jazz,1610612762
201567,Kevin Love,Utah Jazz,1610612762
1631174,Tyler Burton,Memphis Grizzlies,1610612763
1643133,Lawson Lovering,Memphis Grizzlies,1610612763
1642377,Jaylen Wells,Memphis Grizzlies,1610612763
1630590,Scotty Pippen Jr.,Memphis Grizzlies,1610612763
1629660,Ty Jerome,Memphis Grizzlies,1610612763
203484,Kentavious Caldwell-Pope,Memphis Grizzlies,1610612763
1631246,Vince Williams Jr.,Memphis Grizzlies,1610612763
1630583,Santi Aldama,Memphis Grizzlies,1610612763
1628991,Jaren Jackson Jr.,Memphis Grizzlies,1610612763
1641765,Olivier-Maxence Prosper,Memphis Grizzlies,1610612763
1642914,Javon Small,Memphis Grizzlies,1610612763
1629630,Ja Morant,Memphis Grizzlies,1610612763
1630296,Braxton Key,Memphis Grizzlies,1610612763
1641744,Zach Edey,Memphis Grizzlies,1610612763
1629634,Brandon Clarke,Memphis Grizzlies,1610612763
1641790,PJ Hall,Memphis Grizzlies,1610612763
1642907,Cedric Coward,Memphis Grizzlies,1610612763
1642285,Cam Spencer,Memphis Grizzlies,1610612763
1629111,Jock Landale,Memphis Grizzlies,1610612763
1641713,GG Jackson,Memphis Grizzlies,1610612763
1629723,John Konchar,Memphis Grizzlies,1610612763
1630536,Sharife Cooper,Washington Wizards,1610612764
1641731,Bilal Coulibaly,Washington Wizards,1610612764
1641774,Tristan Vukcevic,Washington Wizards,1610612764
1641715,Cam Whitmore,Washington Wizards,1610612764
203468,CJ McCollum,Washington Wizards,1610612764
1642358,AJ Johnson,Washington Wizards,1610612764
1642364,Jamir Watkins,Washington Wizards,1610612764
1627746,Skal Labissiere,Washington Wizards,1610612764
1642267,Bub Carrington,Washington Wizards,1610612764
1631103,Malaki Branham,Washington Wizards,1610612764
1630551,Justin Champagnie,Washington Wizards,1610612764
1642848,Tre Johnson,Washington Wizards,1610612764
1641778,Leaky Black,Washington Wizards,1610612764
1630264,Anthony Gill,Washington Wizards,1610612764
1642273,Kyshawn George,Washington Wizards,1610612764
1642259,Alex Sarr,Washington Wizards,1610612764
203114,Khris Middleton,Washington Wizards,1610612764
1630557,Corey Kispert,Washington Wizards,1610612764
1642860,Will Riley,Washington Wizards,1610612764
1641794,Dillon Jones,Washington Wizards,1610612764
1628963,Marvin Bagley III,Washington Wizards,1610612764
1630615,Dawson Garcia,Detroit Pistons,1610612765
1642924,Brice Williams,Detroit Pistons,1610612765
1643022,Jaden Akins,Detroit Pistons,1610612765
1631105,Jalen Duren,Detroit Pistons,1610612765
1641732,Colby Jones,Detroit Pistons,1610612765
1630595,Cade Cunningham,Detroit Pistons,1610612765
1641842,Ronald Holland II,Detroit Pistons,1610612765
1630194,Paul Reed,Detroit Pistons,1610612765
1627747,Caris LeVert,Detroit Pistons,1610612765
1629750,Javonte Green,Detroit Pistons,1610612765
1641709,Ausar Thompson,Detroit Pistons,1610612765
202699,Tobias Harris,Detroit Pistons,1610612765
1642404,Chaz Lanier,Detroit Pistons,1610612765
1631093,Jaden Ivey,Detroit Pistons,1610612765
1642450,Daniss Jenkins,Detroit Pistons,1610612765
1631204,Marcus Sasser,Detroit Pistons,1610612765
1641777,Charles Bediako,Detroit Pistons,1610612765
1630191,Isaiah Stewart,Detroit Pistons,1610612765
1641752,Bobi Klintman,Detroit Pistons,1610612765
1642449,Tolu Smith,Detroit Pistons,1610612765
1629130,Duncan Robinson,Detroit Pistons,1610612765
1642915,Eric Dixon,Charlotte Hornets,1610612766
1628970,Miles Bridges,Charlotte Hornets,1610612766
1630163,LaMelo Ball,Charlotte Hornets,1610612766
1629684,Grant Williams,Charlotte Hornets,1610612766
1642883,Sion James,Charlotte Hornets,1610612766
1642851,Kon Knueppel,Charlotte Hornets,1610612766
1629012,Collin Sexton,Charlotte Hornets,1610612766
1630182,Josh Green,Charlotte Hornets,1610612766
1641750,Ryan Kalkbrenner,Charlotte Hornets,1610612766
1641810,Antonio Reeves,Charlotte Hornets,1610612766
1641809,Drew Peterson,Charlotte Hornets,1610612766
1631217,Moussa Diabaté,Charlotte Hornets,1610612766
1626192,Pat Connaughton,Charlotte Hornets,1610612766
203486,Mason Plumlee,Charlotte Hornets,1610612766
1630544,Tre Mann,Charlotte Hornets,1610612766
1641706,Brandon Miller,Charlotte Hornets,1610612766
1642354,KJ Simpson,Charlotte Hornets,1610612766
203915,Spencer Dinwiddie,Charlotte Hornets,1610612766
1642275,Tidjane Salaün,Charlotte Hornets,1610612766
1642862,Liam McNeeley,Charlotte Hornets,1610612766
1630641,Ibou Badji,Charlotte Hornets,1610612766
