JUGADOR,EQUIPO,GP,GS,MIN,FGM,FGA,FG_PCT,FG3M,FG3A,FG3_PCT,FTM,FTA,FT_PCT,OREB,DREB,REB,AST,STL,BLK,TOV,PF,PTS,ID
Luke Kennard,Atlanta Hawks,4,0,20.0,2.0,4.5,0.444,0.5,2.3,0.222,0.0,0.0,0.0,0.5,3.0,3.5,2.0,1.0,0.3,1.5,0.8,4.5,1628379
Nickeil Alexander-Walker,Atlanta Hawks,15,0,20.7,2.9,7.5,0.389,1.5,4.2,0.349,1.0,1.1,0.882,0.5,1.3,1.8,2.3,0.4,0.3,1.5,1.6,8.3,1629638
Kristaps Porziņģis,Atlanta Hawks,11,7,21.0,2.3,7.2,0.316,0.4,2.4,0.154,2.8,4.1,0.689,1.9,2.7,4.6,0.7,0.9,0.8,0.9,2.4,7.7,204001
Caleb Houstan,Atlanta Hawks,5,0,9.4,0.4,2.8,0.143,0.4,2.0,0.2,0.0,0.0,0.0,0.4,0.4,0.8,0.2,0.0,0.2,0.4,0.6,1.2,1631216
Jayson Tatum,Boston Celtics,8,8,40.3,9.3,21.9,0.423,3.6,9.8,0.372,6.0,6.8,0.889,1.1,10.4,11.5,5.4,2.1,0.8,3.3,2.6,28.1,1628369
Jaylen Brown,Boston Celtics,11,11,36.5,7.8,17.7,0.441,1.9,5.7,0.333,4.5,6.0,0.758,1.2,5.9,7.1,3.9,1.0,0.3,3.5,3.2,22.1,1627759
Josh Minott,Boston Celtics,5,0,4.6,0.4,1.6,0.25,0.2,1.2,0.167,0.0,0.0,0.0,0.0,0.0,0.0,0.4,0.0,0.2,0.4,0.2,1.0,1631169
Derrick White,Boston Celtics,11,11,37.7,6.2,13.4,0.463,3.6,9.5,0.385,2.8,3.3,0.861,1.3,3.8,5.1,3.5,0.6,1.1,1.2,2.0,18.8,1628401
Payton Pritchard,Boston Celtics,11,0,27.5,4.1,9.0,0.455,2.5,6.1,0.403,1.3,1.5,0.824,0.8,1.5,2.3,1.5,0.5,0.0,0.8,1.7,11.9,1630202
Xavier Tillman,Boston Celtics,1,0,8.0,1.0,4.0,0.25,0.0,2.0,0.0,0.0,0.0,0.0,1.0,2.0,3.0,0.0,0.0,0.0,0.0,0.0,2.0,1630214
Jordan Walsh,Boston Celtics,5,0,3.0,0.0,0.2,0.0,0.0,0.2,0.0,0.0,0.0,0.0,0.0,0.2,0.2,0.2,0.0,0.0,0.0,0.0,0.0,1641775
Sam Hauser,Boston Celtics,8,0,13.5,1.3,3.0,0.417,0.9,2.6,0.333,0.1,0.1,1.0,0.0,1.5,1.5,0.5,0.1,0.1,0.4,1.4,3.5,1630573
Luka Garza,Boston Celtics,5,0,3.8,1.2,1.2,1.0,0.2,0.2,1.0,0.0,0.0,0.0,0.6,0.0,0.6,0.0,0.0,0.0,0.0,0.2,2.6,1630568
Baylor Scheierman,Boston Celtics,4,0,5.5,0.8,2.5,0.3,0.5,1.3,0.4,0.0,0.0,0.0,0.3,0.8,1.0,0.0,0.0,0.0,0.3,0.5,2.0,1631248
Neemias Queta,Boston Celtics,4,0,3.3,1.3,1.5,0.833,0.0,0.0,0.0,0.0,0.0,0.0,0.5,0.0,0.5,0.5,0.3,0.0,0.0,0.5,2.5,1629674
Max Strus,Cleveland Cavaliers,9,9,28.1,4.1,9.9,0.416,2.9,7.4,0.388,0.6,0.7,0.833,1.8,3.9,5.7,3.9,0.7,0.2,0.8,2.6,11.7,1629622
Thomas Bryant,Cleveland Cavaliers,20,0,8.4,0.8,1.7,0.485,0.5,0.9,0.5,0.6,0.7,0.786,0.4,1.0,1.4,0.2,0.2,0.3,0.4,1.3,2.6,1628418
Evan Mobley,Cleveland Cavaliers,8,8,32.1,6.4,10.9,0.586,1.8,3.9,0.452,2.6,3.1,0.84,2.6,5.5,8.1,1.6,1.1,1.0,1.4,1.3,17.1,1630596
Sam Merrill,Cleveland Cavaliers,8,3,19.9,1.9,5.0,0.375,1.8,4.9,0.359,0.3,0.4,0.667,0.9,1.6,2.5,1.8,0.5,0.3,0.3,2.3,5.8,1630241
Chris Livingston,Cleveland Cavaliers,2,0,2.5,0.0,0.5,0.0,0.0,0.5,0.0,0.0,0.0,0.0,0.0,0.5,0.5,0.0,0.0,0.0,0.0,0.0,0.0,1641753
Craig Porter Jr.,Cleveland Cavaliers,6,0,5.8,1.0,2.0,0.5,0.0,0.5,0.0,0.0,0.0,0.0,0.5,0.5,1.0,1.5,0.5,0.3,0.3,0.3,2.0,1641854
Darius Garland,Cleveland Cavaliers,5,5,29.6,5.8,13.8,0.42,2.0,7.0,0.286,4.4,4.8,0.917,0.2,2.0,2.2,5.2,0.4,0.0,3.0,3.4,18.0,1629636
De'Andre Hunter,Cleveland Cavaliers,8,0,23.1,3.4,7.9,0.429,1.5,3.3,0.462,2.8,3.3,0.846,0.8,2.9,3.6,1.0,0.5,0.1,0.9,2.1,11.0,1629631
Jaylon Tyson,Cleveland Cavaliers,4,0,7.8,1.8,3.8,0.467,1.3,2.3,0.556,1.3,1.5,0.833,0.8,1.0,1.8,1.8,0.5,0.3,0.5,1.0,6.0,1642281
Jarrett Allen,Cleveland Cavaliers,9,9,29.0,4.9,6.8,0.721,0.0,0.0,0.0,3.7,3.9,0.943,2.3,6.1,8.4,1.3,1.4,0.9,1.9,1.7,13.4,1628386
Dean Wade,Cleveland Cavaliers,9,1,15.8,0.7,2.0,0.333,0.3,1.6,0.214,0.0,0.0,0.0,1.1,3.1,4.2,0.7,0.3,0.1,0.3,1.1,1.7,1629731
Donovan Mitchell,Cleveland Cavaliers,9,9,32.0,9.6,21.6,0.443,3.1,9.3,0.333,7.3,9.9,0.742,1.2,3.4,4.7,3.9,1.9,0.3,1.9,2.0,29.6,1628378
DeAndre Jordan,New Orleans Pelicans,7,0,5.1,0.4,0.4,1.0,0.0,0.0,0.0,0.0,0.6,0.0,0.1,1.1,1.3,0.3,0.0,0.1,0.3,1.3,0.9,201599
Kevon Looney,New Orleans Pelicans,12,0,10.0,0.8,1.9,0.435,0.0,0.0,0.0,0.5,0.7,0.75,1.4,2.2,3.6,0.3,0.4,0.3,0.2,2.3,2.2,1626172
Isaac Okoro,Chicago Bulls,9,0,14.2,1.7,3.3,0.5,0.7,1.8,0.375,0.6,0.9,0.625,0.4,0.8,1.2,0.6,0.7,0.1,0.4,1.4,4.6,1630171
Christian Braun,Denver Nuggets,14,14,38.9,4.8,10.6,0.453,1.5,5.0,0.3,1.6,2.2,0.71,1.8,4.6,6.4,2.4,1.2,0.7,1.0,3.4,12.6,1631128
Julian Strawther,Denver Nuggets,9,0,9.8,1.4,3.3,0.433,0.7,1.3,0.5,0.7,0.8,0.857,0.4,0.6,1.0,0.2,0.2,0.1,0.6,1.2,4.2,1631124
Hunter Tyson,Denver Nuggets,5,0,6.0,1.0,2.0,0.5,0.2,1.0,0.2,0.8,0.8,1.0,0.8,0.8,1.6,0.4,0.2,0.0,0.2,0.6,3.0,1641816
Peyton Watson,Denver Nuggets,14,0,14.2,1.7,4.2,0.407,0.5,1.4,0.368,0.6,1.1,0.5,1.0,1.9,2.9,0.3,0.8,0.6,0.6,1.5,4.5,1631212
Tim Hardaway Jr.,Denver Nuggets,6,6,31.3,4.0,11.8,0.338,2.7,8.7,0.308,1.3,1.7,0.8,0.3,2.5,2.8,1.2,0.3,0.0,1.5,1.7,12.0,203501
Nikola Jokić,Denver Nuggets,14,14,40.2,9.4,19.1,0.489,1.9,5.1,0.38,5.6,7.2,0.772,2.1,10.6,12.7,8.0,2.0,0.9,3.9,3.4,26.2,203999
Zeke Nnaji,Denver Nuggets,6,0,5.7,0.2,1.3,0.125,0.2,1.0,0.167,0.7,1.2,0.571,0.5,0.7,1.2,0.3,0.2,0.3,0.3,1.0,1.2,1630192
Jalen Pickett,Denver Nuggets,8,0,7.1,0.6,1.9,0.333,0.4,1.1,0.333,0.0,0.0,0.0,0.0,0.9,0.9,0.6,0.0,0.1,0.8,0.4,1.6,1629618
Jamal Murray,Denver Nuggets,14,14,41.3,7.9,17.9,0.444,2.4,6.9,0.354,3.5,4.0,0.875,0.6,4.2,4.9,5.2,1.2,0.8,3.1,2.2,21.8,1627750
Aaron Gordon,Denver Nuggets,14,14,37.3,5.8,11.9,0.485,1.6,4.1,0.379,3.1,3.6,0.86,3.6,4.0,7.6,2.7,0.6,0.4,1.9,2.4,16.2,203932
Gary Payton II,Golden State Warriors,11,1,16.4,1.9,4.3,0.447,0.8,2.1,0.391,0.0,0.0,0.0,0.9,1.3,2.2,1.5,0.9,0.0,0.5,1.9,4.6,1627780
Jonathan Kuminga,Golden State Warriors,8,1,23.4,5.6,11.6,0.484,1.3,3.1,0.4,2.8,3.9,0.71,0.9,1.6,2.5,1.3,0.5,0.5,1.6,1.6,15.3,1630228
Brandin Podziemski,Golden State Warriors,12,11,32.1,4.0,11.0,0.364,1.8,5.6,0.328,1.4,2.0,0.708,1.3,3.7,5.0,3.1,1.3,0.2,1.5,1.5,11.3,1641764
Moses Moody,Golden State Warriors,12,2,16.1,2.3,6.7,0.35,1.3,3.8,0.333,1.2,1.4,0.824,0.8,1.4,2.2,1.2,0.5,0.3,0.3,1.3,7.1,1630541
Buddy Hield,Golden State Warriors,12,9,27.3,4.3,10.4,0.416,2.8,6.4,0.429,1.1,1.2,0.929,1.5,2.0,3.5,1.8,1.2,0.4,1.1,2.0,12.5,1627741
Jimmy Butler III,Golden State Warriors,11,11,36.1,6.2,13.8,0.447,1.0,3.3,0.306,5.8,7.3,0.8,2.4,4.3,6.6,5.2,1.3,0.3,1.2,1.7,19.2,202710
Gui Santos,Golden State Warriors,10,0,7.2,0.9,1.7,0.529,0.4,1.0,0.4,0.4,0.6,0.667,0.3,0.9,1.2,0.8,0.3,0.1,0.6,1.0,2.6,1630611
Al Horford,Golden State Warriors,11,9,31.6,3.1,6.5,0.472,1.3,3.2,0.4,0.5,0.6,0.857,1.6,4.4,6.0,1.8,0.6,1.3,0.6,2.7,8.0,201143
Quinten Post,Golden State Warriors,12,2,12.2,1.3,4.0,0.333,0.8,2.7,0.313,0.3,0.3,0.75,0.5,1.8,2.3,1.0,0.3,0.3,0.5,1.7,3.8,1642366
Draymond Green,Golden State Warriors,12,12,32.4,3.5,9.0,0.389,1.3,5.0,0.267,0.8,1.1,0.692,0.8,4.8,5.5,3.8,1.4,0.9,3.0,3.7,9.1,203110
Stephen Curry,Golden State Warriors,8,8,35.1,7.8,16.3,0.477,4.0,10.0,0.4,3.1,3.5,0.893,0.3,5.0,5.3,5.1,1.0,0.8,3.4,1.6,22.6,201939
Trayce Jackson-Davis,Golden State Warriors,9,3,8.9,1.8,2.0,0.889,0.0,0.0,0.0,0.6,1.4,0.385,1.0,1.3,2.3,0.2,0.3,0.2,0.1,1.7,4.1,1631218
Pat Spencer,Golden State Warriors,8,0,7.9,2.0,3.1,0.64,0.1,0.4,0.333,0.4,0.4,1.0,0.6,0.8,1.4,0.8,0.4,0.0,0.8,1.1,4.5,1630311
Aaron Holiday,Houston Rockets,3,0,9.0,1.3,3.3,0.4,0.7,1.7,0.4,0.7,1.3,0.5,0.3,0.3,0.7,1.0,0.0,0.0,0.3,1.0,4.0,1628988
Amen Thompson,Houston Rockets,7,7,33.0,6.0,12.1,0.494,0.1,0.6,0.25,3.6,5.1,0.694,2.7,4.1,6.9,3.3,1.7,0.9,1.7,2.6,15.7,1641708
Dorian Finney-Smith,Houston Rockets,5,1,34.0,2.4,5.8,0.414,1.4,3.8,0.368,0.0,0.0,0.0,2.0,2.2,4.2,2.6,0.2,0.4,1.0,3.4,6.2,1627827
JD Davison,Houston Rockets,4,0,3.3,0.3,2.0,0.125,0.3,0.5,0.5,0.3,0.5,0.5,0.3,0.5,0.8,0.8,0.0,0.0,0.3,0.0,1.0,1631120
Fred VanVleet,Houston Rockets,7,7,40.0,5.7,13.3,0.43,3.9,8.9,0.435,3.4,3.4,1.0,0.4,3.7,4.1,4.4,1.0,0.3,1.9,2.3,18.7,1627832
Jabari Smith Jr.,Houston Rockets,7,0,20.4,2.4,4.9,0.5,1.4,3.1,0.455,1.1,1.4,0.8,1.0,2.9,3.9,0.6,0.1,0.7,1.4,0.9,7.4,1631095
Steven Adams,Houston Rockets,7,0,22.1,1.7,2.9,0.6,0.0,0.0,0.0,2.3,4.3,0.533,3.3,3.3,6.6,0.6,0.4,1.1,0.7,1.0,5.7,203500
Reed Sheppard,Houston Rockets,3,0,3.3,0.0,0.7,0.0,0.0,0.7,0.0,0.0,0.0,0.0,0.0,0.3,0.3,0.3,0.7,0.3,0.3,0.3,0.0,1642263
Tari Eason,Houston Rockets,7,0,18.9,3.0,6.3,0.477,1.0,2.7,0.368,0.6,1.1,0.5,1.0,3.3,4.3,0.7,1.1,1.0,1.4,1.9,7.6,1631106
Alperen Sengun,Houston Rockets,7,7,36.6,8.4,18.7,0.45,0.4,1.1,0.375,3.6,5.7,0.625,3.0,8.9,11.9,5.3,1.9,0.4,2.1,3.7,20.9,1630578
Jeff Green,Houston Rockets,3,0,1.7,0.3,1.0,0.333,0.3,0.3,1.0,0.0,0.0,0.0,0.3,0.0,0.3,0.0,0.0,0.0,0.0,0.0,1.0,201145
James Harden,Los Angeles Clippers,7,7,39.4,6.3,14.4,0.436,2.3,6.3,0.364,3.9,4.7,0.818,0.6,4.9,5.4,9.1,1.3,1.0,3.0,2.3,18.7,201935
Kawhi Leonard,Los Angeles Clippers,7,7,37.9,9.4,17.6,0.537,2.1,5.3,0.405,4.0,5.1,0.778,1.6,6.0,7.6,4.7,1.1,0.7,2.1,1.7,25.0,202695
Derrick Jones Jr.,Los Angeles Clippers,7,1,18.4,3.0,6.9,0.438,0.9,2.9,0.3,0.4,1.1,0.375,0.7,1.1,1.9,0.3,0.6,1.3,0.4,0.4,7.3,1627884
Kris Dunn,Los Angeles Clippers,7,6,21.9,2.4,6.3,0.386,1.4,4.0,0.357,0.0,0.0,0.0,1.4,2.0,3.4,1.3,1.1,0.6,0.1,2.6,6.3,1627739
Bogdan Bogdanović,Los Angeles Clippers,7,0,16.7,2.3,6.3,0.364,1.0,3.4,0.292,0.9,1.0,0.857,0.7,2.1,2.9,2.1,0.4,0.0,1.6,3.6,6.4,203992
Brook Lopez,Los Angeles Clippers,5,4,14.8,1.6,4.4,0.364,0.8,3.0,0.267,1.0,1.0,1.0,0.6,1.0,1.6,0.8,0.2,1.0,0.8,2.2,5.0,201572
Cam Christie,Los Angeles Clippers,3,0,4.3,0.7,1.0,0.667,0.3,0.7,0.5,0.0,0.0,0.0,0.0,0.7,0.7,0.0,0.3,0.0,0.3,0.0,1.7,1642353
Jordan Miller,Los Angeles Clippers,3,0,4.3,1.0,2.3,0.429,0.0,0.3,0.0,0.3,0.7,0.5,0.0,0.7,0.7,1.3,1.0,0.0,0.0,0.0,2.3,1641757
Kobe Brown,Los Angeles Clippers,3,0,5.0,2.3,2.7,0.875,0.3,0.3,1.0,0.3,0.3,1.0,0.0,0.3,0.3,1.3,0.0,0.0,0.0,0.0,5.3,1641738
Nicolas Batum,Los Angeles Clippers,7,0,24.6,1.9,4.7,0.394,1.9,4.7,0.394,0.0,0.0,0.0,0.6,3.3,3.9,2.0,0.9,1.7,0.4,1.9,5.6,201587
Ivica Zubac,Los Angeles Clippers,7,7,36.6,7.7,11.7,0.659,0.0,0.0,0.0,2.0,3.7,0.538,3.9,6.3,10.1,2.3,0.7,1.0,1.6,2.7,17.4,1627826
Jarred Vanderbilt,Los Angeles Lakers,5,0,12.0,0.4,1.2,0.333,0.0,0.2,0.0,0.6,0.8,0.75,0.8,3.0,3.8,1.0,0.6,0.2,0.6,1.8,1.4,1629020
Dalton Knecht,Los Angeles Lakers,2,0,2.0,1.0,2.5,0.4,0.5,2.0,0.25,0.0,0.0,0.0,1.0,0.5,1.5,0.0,0.0,0.0,0.0,0.0,2.5,1642261
Gabe Vincent,Los Angeles Lakers,5,0,19.8,1.0,2.8,0.357,0.8,2.6,0.308,0.0,0.0,0.0,0.0,1.0,1.0,1.0,0.2,0.4,0.2,1.6,2.8,1629216
Bronny James,Los Angeles Lakers,2,0,2.0,0.0,1.0,0.0,0.0,1.0,0.0,0.0,0.0,0.0,0.0,0.0,0.0,0.0,0.0,0.0,0.0,0.0,0.0,1642355
Jaxson Hayes,Los Angeles Lakers,4,4,7.8,0.8,2.0,0.375,0.0,0.0,0.0,0.3,0.5,0.5,1.3,0.8,2.0,0.3,0.0,0.3,0.3,2.0,1.8,1629637
Maxi Kleber,Los Angeles Lakers,1,0,5.0,0.0,1.0,0.0,0.0,1.0,0.0,2.0,2.0,1.0,0.0,0.0,0.0,0.0,0.0,0.0,1.0,1.0,2.0,1628467
Austin Reaves,Los Angeles Lakers,5,5,39.2,6.0,14.6,0.411,3.0,9.4,0.319,1.2,1.4,0.857,0.8,4.6,5.4,3.6,0.2,0.6,2.8,3.6,16.2,1630559
LeBron James,Los Angeles Lakers,5,5,40.8,8.6,17.6,0.489,2.0,5.6,0.357,6.2,8.0,0.775,2.4,6.6,9.0,5.6,2.0,1.8,2.6,1.6,25.4,2544
Rui Hachimura,Los Angeles Lakers,5,5,36.4,5.6,11.4,0.491,3.0,6.2,0.484,0.6,0.6,1.0,0.8,3.8,4.6,1.0,0.6,0.6,1.4,2.4,14.8,1629060
Luka Dončić,Los Angeles Lakers,5,5,41.6,9.4,20.8,0.452,3.2,9.2,0.348,8.2,9.2,0.891,0.4,6.6,7.0,5.8,1.0,0.6,4.0,3.2,30.2,1629029
Nikola Jović,Miami Heat,4,0,18.8,3.3,8.8,0.371,1.5,6.0,0.25,1.5,1.5,1.0,1.0,3.0,4.0,1.5,0.8,0.3,1.3,0.5,9.5,1631107
Kel'el Ware,Miami Heat,4,4,18.3,2.0,4.5,0.444,0.8,2.8,0.273,0.0,0.0,0.0,1.0,3.8,4.8,1.0,0.3,0.5,0.5,0.8,4.8,1642276
Pelle Larsson,Miami Heat,4,0,13.0,2.0,3.8,0.533,0.8,2.0,0.375,0.3,0.8,0.333,0.5,1.8,2.3,1.0,0.3,0.0,0.5,1.5,5.0,1641796
Jaime Jaquez Jr.,Miami Heat,3,0,6.3,0.3,2.0,0.167,0.0,0.7,0.0,0.7,0.7,1.0,1.0,0.3,1.3,0.3,0.0,0.0,0.3,0.3,1.3,1631170
Bam Adebayo,Miami Heat,4,4,38.3,7.0,16.0,0.438,1.8,5.3,0.333,1.8,2.8,0.636,4.0,7.0,11.0,4.3,1.0,0.3,3.0,2.3,17.5,1628389
Tyler Herro,Miami Heat,4,4,36.0,6.8,16.3,0.415,2.3,7.3,0.31,2.0,2.5,0.8,0.0,3.5,3.5,2.8,0.5,0.0,2.3,3.0,17.8,1629639
Keshad Johnson,Miami Heat,2,0,4.0,0.5,0.5,1.0,0.0,0.0,0.0,0.0,0.0,0.0,0.5,0.0,0.5,0.0,0.0,0.0,0.5,0.5,1.0,1642352
Andrew Wiggins,Miami Heat,4,4,30.5,4.0,10.8,0.372,1.8,5.0,0.35,1.8,2.5,0.7,1.0,2.3,3.3,2.3,0.3,1.3,2.8,1.5,11.5,203952
Norman Powell,Miami Heat,7,7,34.0,6.0,12.7,0.472,2.0,5.7,0.35,2.0,2.6,0.778,0.1,2.3,2.4,2.4,1.1,0.3,1.7,2.1,16.0,1626181
Davion Mitchell,Miami Heat,4,3,35.5,6.3,10.3,0.61,1.8,3.5,0.5,0.8,1.8,0.429,0.5,1.8,2.3,6.3,0.8,0.3,2.0,2.8,15.0,1630558
Jericho Sims,Milwaukee Bucks,5,0,11.6,1.2,1.2,1.0,0.0,0.0,0.0,0.4,0.6,0.667,2.2,1.8,4.0,0.2,0.0,0.2,1.0,1.0,2.8,1630579
Myles Turner,Milwaukee Bucks,23,23,29.3,4.6,9.5,0.484,1.3,3.9,0.344,3.2,4.2,0.771,1.2,3.6,4.8,1.4,0.5,2.0,1.7,3.0,13.8,1626167
Gary Trent Jr.,Milwaukee Bucks,5,3,34.2,6.4,12.4,0.516,4.4,8.8,0.5,1.6,2.0,0.8,0.2,2.0,2.2,1.2,2.6,0.0,0.6,1.8,18.8,1629018
Kevin Porter Jr.,Milwaukee Bucks,5,1,30.2,3.8,9.6,0.396,1.4,3.0,0.467,2.2,2.6,0.846,0.6,3.0,3.6,5.4,0.8,0.0,1.8,2.4,11.2,1629645
Bobby Portis,Milwaukee Bucks,5,1,31.6,6.0,13.6,0.441,2.0,5.6,0.357,0.0,0.2,0.0,1.6,6.6,8.2,1.4,0.4,0.4,1.2,1.6,14.0,1626171
Gary Harris,Milwaukee Bucks,5,0,16.6,0.6,1.6,0.375,0.2,1.2,0.167,0.0,0.0,0.0,0.2,0.8,1.0,0.6,0.6,0.2,0.0,1.4,1.4,203914
Taurean Prince,Milwaukee Bucks,5,2,12.2,0.4,2.0,0.2,0.4,1.8,0.222,0.0,0.0,0.0,0.0,1.0,1.0,1.6,0.4,0.2,1.0,0.6,1.2,1627752
Ryan Rollins,Milwaukee Bucks,3,1,10.0,1.3,4.3,0.308,0.7,2.3,0.286,0.0,0.0,0.0,0.3,0.3,0.7,1.3,0.3,0.0,0.0,1.3,3.3,1631157
Kyle Kuzma,Milwaukee Bucks,5,4,20.4,2.4,7.0,0.343,0.4,2.0,0.2,0.6,1.2,0.5,0.6,1.6,2.2,0.8,0.0,0.2,0.6,2.4,5.8,1628398
AJ Green,Milwaukee Bucks,5,1,27.0,3.6,7.8,0.462,3.6,7.0,0.514,0.2,0.4,0.5,0.4,2.4,2.8,2.0,0.0,0.2,0.0,2.6,11.0,1631260
Giannis Antetokounmpo,Milwaukee Bucks,5,5,37.6,12.0,19.8,0.606,0.2,1.0,0.2,8.8,12.6,0.698,3.8,11.6,15.4,6.6,1.0,1.0,4.6,2.4,33.0,203507
Andre Jackson Jr.,Milwaukee Bucks,2,0,2.5,0.0,0.5,0.0,0.0,0.5,0.0,0.0,0.0,0.0,0.0,0.0,0.0,0.0,0.0,0.0,0.0,0.0,0.0,1641748
Cole Anthony,Milwaukee Bucks,5,0,10.2,0.8,2.8,0.286,0.0,1.2,0.0,0.6,0.8,0.75,0.6,0.8,1.4,1.2,0.0,0.2,1.8,2.4,2.2,1630175
Donte DiVincenzo,Minnesota Timberwolves,15,0,25.1,3.1,8.4,0.365,1.9,5.9,0.318,0.7,0.9,0.769,0.8,2.3,3.1,3.3,1.4,0.3,1.9,3.0,8.7,1628978
Terrence Shannon Jr.,Minnesota Timberwolves,9,0,6.3,1.4,3.0,0.481,0.3,0.9,0.375,1.3,1.3,1.0,0.1,1.0,1.1,0.3,0.4,0.0,0.3,1.0,4.6,1630545
Jaden McDaniels,Minnesota Timberwolves,15,15,33.1,5.8,11.3,0.515,1.4,3.7,0.382,1.7,1.9,0.893,1.8,3.8,5.6,1.5,1.3,0.9,1.2,3.3,14.7,1630183
Rob Dillingham,Minnesota Timberwolves,3,0,5.3,1.0,2.7,0.375,0.3,0.7,0.5,0.3,0.7,0.5,0.0,0.7,0.7,2.3,0.0,0.0,0.0,0.3,2.7,1642265
Anthony Edwards,Minnesota Timberwolves,15,15,39.0,9.0,19.9,0.453,3.1,8.7,0.354,4.3,5.9,0.719,1.2,6.6,7.8,5.5,1.1,0.7,2.6,2.1,25.3,1630162
Mike Conley,Minnesota Timberwolves,15,15,23.7,1.9,6.4,0.302,1.3,4.0,0.333,0.8,0.9,0.923,0.8,2.1,2.9,3.3,0.6,0.2,0.8,1.4,6.0,201144
Naz Reid,Minnesota Timberwolves,15,0,25.0,3.7,7.3,0.509,1.7,4.2,0.397,1.3,1.7,0.76,1.1,3.7,4.7,1.7,0.7,0.9,1.9,2.9,10.4,1629675
Jaylen Clark,Minnesota Timberwolves,5,0,5.6,0.8,1.0,0.8,0.0,0.2,0.0,0.6,0.8,0.75,0.4,1.0,1.4,0.2,0.4,0.0,0.2,0.4,2.2,1641740
Rudy Gobert,Minnesota Timberwolves,15,15,27.4,3.1,5.3,0.582,0.0,0.0,0.0,1.7,3.3,0.52,3.1,5.5,8.6,0.7,0.5,1.2,0.9,2.5,7.9,203497
Julius Randle,Minnesota Timberwolves,15,15,35.5,7.7,15.3,0.502,2.0,5.2,0.385,4.4,5.0,0.88,1.8,4.1,5.9,4.9,0.8,0.1,3.3,3.0,21.7,203944
Leonard Miller,Minnesota Timberwolves,3,0,4.3,2.0,2.7,0.75,0.3,0.3,1.0,0.0,0.0,0.0,1.0,0.7,1.7,0.0,0.0,0.0,0.3,0.0,4.3,1631159
Haywood Highsmith,Brooklyn Nets,4,0,21.0,2.8,4.8,0.579,1.8,3.8,0.467,0.0,0.0,0.0,1.0,2.3,3.3,1.0,0.8,0.5,1.0,2.8,7.3,1629312
Michael Porter Jr.,Brooklyn Nets,14,14,31.1,3.4,8.6,0.392,1.7,5.0,0.343,0.7,1.0,0.714,1.0,4.5,5.5,0.6,0.6,0.4,0.9,1.9,9.1,1629008
Miles McBride,New York Knicks,18,0,18.9,1.9,5.0,0.378,1.2,3.3,0.373,0.8,0.9,0.824,0.2,1.0,1.2,1.0,0.4,0.1,0.6,1.2,5.8,1630540
Josh Hart,New York Knicks,18,14,35.7,3.8,8.0,0.472,1.1,3.0,0.37,2.9,3.7,0.776,2.4,6.3,8.8,4.4,1.1,0.6,1.9,3.4,11.6,1628404
Pacôme Dadiet,New York Knicks,2,0,2.0,0.5,0.5,1.0,0.0,0.0,0.0,0.0,0.0,0.0,0.0,0.0,0.0,0.0,0.0,0.0,0.0,0.0,1.0,1642359
OG Anunoby,New York Knicks,18,18,39.2,5.7,13.7,0.417,2.3,6.7,0.339,2.6,3.2,0.81,1.3,3.3,4.6,1.3,2.0,1.2,1.7,2.7,16.3,1628384
Jalen Brunson,New York Knicks,18,18,37.8,10.1,21.8,0.461,2.7,7.4,0.358,6.7,7.8,0.851,0.7,2.8,3.4,7.0,0.4,0.3,3.1,3.3,29.4,1628973
Tyler Kolek,New York Knicks,3,0,2.0,0.3,0.3,1.0,0.3,0.3,1.0,0.0,0.0,0.0,0.0,0.3,0.3,1.0,0.0,0.0,0.0,0.0,1.0,1642278
Mitchell Robinson,New York Knicks,18,4,20.6,1.7,2.8,0.608,0.0,0.0,0.0,1.2,3.1,0.393,3.7,3.3,7.1,0.4,0.9,0.8,0.7,2.1,4.7,1629011
Mikal Bridges,New York Knicks,18,18,39.2,6.7,14.6,0.456,1.6,4.7,0.333,0.7,0.9,0.75,1.1,3.4,4.5,2.9,1.7,0.9,2.1,2.2,15.6,1628969
Karl-Anthony Towns,New York Knicks,18,18,35.5,7.7,15.8,0.488,1.4,4.1,0.351,4.6,5.4,0.845,2.1,9.5,11.6,1.3,0.7,0.7,2.2,4.3,21.4,1626157
Landry Shamet,New York Knicks,11,0,7.5,0.8,1.8,0.45,0.6,1.4,0.467,0.1,0.4,0.25,0.0,0.4,0.4,0.7,0.1,0.0,0.4,0.5,2.4,1629013
Ariel Hukporti,New York Knicks,3,0,1.7,0.7,0.7,1.0,0.0,0.0,0.0,0.0,0.7,0.0,0.0,0.7,0.7,0.0,0.0,0.0,0.0,0.0,1.3,1630574
Anthony Black,Orlando Magic,5,0,17.8,3.0,7.4,0.405,0.4,2.6,0.154,1.8,2.6,0.692,2.0,2.4,4.4,0.0,0.8,0.2,0.4,1.6,8.2,1641710
Jonathan Isaac,Orlando Magic,5,0,13.8,1.4,2.4,0.583,0.2,0.8,0.25,0.6,1.0,0.6,1.0,1.0,2.0,0.4,0.4,0.2,0.4,0.6,3.6,1628371
Desmond Bane,Orlando Magic,4,4,34.8,5.0,15.8,0.317,1.8,8.0,0.219,3.5,3.8,0.933,1.3,5.5,6.8,3.3,0.8,0.5,3.8,2.3,15.3,1630217
Paolo Banchero,Orlando Magic,5,5,39.4,10.8,24.8,0.435,2.4,5.4,0.444,5.4,8.2,0.659,2.4,6.0,8.4,4.2,0.6,0.8,3.0,3.6,29.4,1631094
Jett Howard,Orlando Magic,1,0,4.0,2.0,2.0,1.0,2.0,2.0,1.0,0.0,0.0,0.0,0.0,0.0,0.0,0.0,0.0,0.0,0.0,1.0,6.0,1641724
Franz Wagner,Orlando Magic,5,5,39.0,10.2,23.0,0.443,1.4,7.4,0.189,4.0,5.2,0.769,0.6,4.2,4.8,5.6,1.2,0.4,2.0,3.2,25.8,1630532
Tristan da Silva,Orlando Magic,2,0,2.5,0.0,0.5,0.0,0.0,0.5,0.0,0.0,0.0,0.0,0.0,2.0,2.0,0.5,0.0,0.0,1.0,0.0,0.0,1641783
Wendell Carter Jr.,Orlando Magic,5,5,32.4,4.2,8.0,0.525,0.6,2.2,0.273,1.2,2.0,0.6,3.8,7.0,10.8,1.2,0.4,0.4,1.6,2.4,10.2,1628976
Goga Bitadze,Orlando Magic,3,0,3.7,0.3,0.3,1.0,0.0,0.0,0.0,0.0,0.0,0.0,0.0,1.0,1.0,0.3,0.0,0.3,0.0,2.0,0.7,1629048
Tyrese Haliburton,Indiana Pacers,23,23,33.6,6.3,13.7,0.463,2.3,6.9,0.34,2.3,2.8,0.828,0.3,5.0,5.3,8.6,1.3,0.7,2.3,1.7,17.3,1630169
Bennedict Mathurin,Indiana Pacers,22,0,17.5,3.1,6.7,0.459,0.8,2.7,0.3,4.0,4.7,0.864,1.2,2.1,3.3,0.9,0.4,0.3,1.2,1.9,11.0,1631097
Obi Toppin,Indiana Pacers,23,0,19.1,3.6,7.4,0.485,1.1,3.4,0.321,1.1,1.6,0.694,0.6,3.3,3.8,1.3,0.7,0.3,1.0,2.0,9.4,1630167
Andrew Nembhard,Indiana Pacers,23,23,33.4,4.6,9.7,0.471,1.7,3.7,0.465,1.6,2.0,0.804,0.6,2.6,3.2,4.7,1.5,0.2,1.8,2.7,12.5,1629614
Jarace Walker,Indiana Pacers,12,0,9.8,1.1,2.8,0.382,0.7,1.7,0.4,0.2,0.3,0.5,0.2,1.6,1.8,0.7,0.2,0.2,0.6,0.8,3.0,1641716
T.J. McConnell,Indiana Pacers,23,0,17.5,4.1,7.6,0.537,0.3,0.8,0.421,1.0,1.2,0.815,0.5,2.7,3.3,4.0,0.9,0.1,1.9,1.1,9.5,204456
Johnny Furphy,Indiana Pacers,11,0,3.2,0.1,0.4,0.25,0.0,0.2,0.0,0.0,0.1,0.0,0.1,0.5,0.5,0.1,0.0,0.1,0.1,0.5,0.2,1642277
Tony Bradley,Indiana Pacers,11,0,7.1,0.4,0.8,0.444,0.0,0.1,0.0,0.8,1.1,0.75,1.0,0.9,1.9,0.3,0.0,0.1,0.4,0.9,1.5,1628396
Aaron Nesmith,Indiana Pacers,23,23,28.3,4.3,9.2,0.472,2.6,5.3,0.492,1.3,1.6,0.861,1.2,4.5,5.7,1.1,0.9,0.8,1.0,4.1,12.7,1630174
Ben Sheppard,Indiana Pacers,21,0,14.0,1.1,2.4,0.471,0.7,1.8,0.395,0.2,0.2,1.0,0.4,1.5,1.9,0.4,0.4,0.0,0.5,1.8,3.2,1641767
Jay Huff,Indiana Pacers,2,0,9.0,1.0,2.0,0.5,0.0,0.5,0.0,2.0,2.0,1.0,0.5,1.0,1.5,0.5,0.0,1.5,0.5,0.5,4.0,1630643
Pascal Siakam,Indiana Pacers,23,23,33.5,7.6,14.8,0.513,1.5,3.6,0.427,3.8,5.3,0.713,1.3,5.0,6.3,3.4,1.2,0.7,1.3,2.9,20.5,1627783
Dillon Brooks,Phoenix Suns,7,7,29.4,4.0,9.0,0.444,1.4,4.1,0.345,2.9,3.4,0.833,1.3,1.9,3.1,1.3,0.7,0.3,1.3,3.9,12.3,1628415
Jalen Green,Phoenix Suns,7,7,31.3,4.6,12.3,0.372,1.9,6.3,0.295,2.3,3.4,0.667,0.4,5.0,5.4,2.9,0.6,0.3,1.4,0.9,13.3,1630224
Jordan Goodwin,Phoenix Suns,4,0,7.8,0.3,1.3,0.2,0.0,0.5,0.0,0.3,0.5,0.5,0.5,0.8,1.3,0.5,0.3,0.3,0.3,1.8,0.8,1630692
Damian Lillard,Portland Trail Blazers,3,3,25.0,2.0,9.0,0.222,1.0,5.3,0.188,2.0,2.3,0.857,0.3,2.3,2.7,4.7,0.7,0.7,1.0,2.7,7.0,203081
Jrue Holiday,Portland Trail Blazers,8,8,33.0,3.6,7.5,0.483,1.1,3.3,0.346,1.1,1.6,0.692,1.5,2.6,4.1,4.0,0.9,0.1,2.0,3.1,9.5,201950
Precious Achiuwa,Sacramento Kings,8,0,4.3,0.8,1.8,0.429,0.0,0.1,0.0,0.3,0.5,0.5,0.4,0.8,1.1,0.0,0.1,0.0,0.1,0.3,1.8,1630173
Dennis Schröder,Sacramento Kings,6,0,27.3,4.3,8.8,0.491,1.7,3.5,0.476,2.2,2.7,0.813,0.7,1.7,2.3,3.7,1.2,0.2,1.2,2.0,12.5,203471
Russell Westbrook,Sacramento Kings,13,0,24.1,4.0,10.2,0.391,1.5,4.8,0.317,2.2,3.1,0.7,1.5,2.2,3.7,2.6,0.9,0.1,2.3,3.2,11.7,201566
Drew Eubanks,Sacramento Kings,3,0,4.3,0.0,0.7,0.0,0.0,0.0,0.0,1.3,2.0,0.667,0.0,0.3,0.3,0.0,0.0,0.0,0.0,0.7,1.3,1629234
Luke Kornet,San Antonio Spurs,11,1,16.4,1.9,2.6,0.724,0.0,0.0,0.0,0.7,0.7,1.0,1.5,2.5,3.9,0.5,0.5,1.2,0.5,1.8,4.5,1628436
Shai Gilgeous-Alexander,Oklahoma City Thunder,23,23,37.0,10.1,21.9,0.462,1.4,4.9,0.283,8.3,9.4,0.876,1.0,4.3,5.3,6.5,1.7,0.9,2.6,2.8,29.9,1628983
Luguentz Dort,Oklahoma City Thunder,23,23,29.0,2.6,7.1,0.366,2.1,6.1,0.343,0.6,1.0,0.636,1.4,2.5,3.9,0.9,1.3,0.4,0.9,3.3,7.9,1629652
Jaylin Williams,Oklahoma City Thunder,17,0,8.2,0.9,2.1,0.429,0.5,1.5,0.36,0.4,0.6,0.545,0.2,1.6,1.9,1.0,0.5,0.1,0.7,1.8,2.6,1631119
Chet Holmgren,Oklahoma City Thunder,23,23,29.8,5.3,11.6,0.462,1.2,4.0,0.297,3.3,4.2,0.784,1.8,6.8,8.7,1.0,0.7,1.9,1.2,2.0,15.2,1631096
Jalen Williams,Oklahoma City Thunder,23,23,34.6,7.7,17.2,0.449,1.5,5.0,0.304,4.4,5.6,0.789,1.0,4.5,5.5,4.8,1.4,0.4,1.8,2.2,21.4,1631114
Alex Caruso,Oklahoma City Thunder,23,0,24.4,3.1,7.0,0.45,1.6,3.9,0.411,1.3,1.7,0.795,0.7,2.0,2.7,2.2,2.0,0.6,0.8,2.7,9.2,1627936
Isaiah Joe,Oklahoma City Thunder,21,0,10.0,1.7,3.5,0.493,1.1,2.7,0.411,0.6,0.7,0.857,0.3,1.0,1.4,0.7,0.3,0.1,0.3,0.6,5.1,1630198
Ousmane Dieng,Oklahoma City Thunder,9,0,3.6,0.4,1.1,0.4,0.4,0.8,0.571,0.2,0.2,1.0,0.0,0.4,0.4,0.3,0.0,0.1,0.0,0.0,1.6,1631172
Aaron Wiggins,Oklahoma City Thunder,22,0,13.8,2.1,5.4,0.395,1.1,3.1,0.362,0.6,0.8,0.765,0.6,1.6,2.3,0.9,0.5,0.3,0.8,1.0,6.0,1630598
Cason Wallace,Oklahoma City Thunder,23,3,22.4,2.2,5.2,0.429,0.9,2.7,0.323,0.3,0.4,0.667,1.0,1.7,2.7,2.1,1.4,0.4,0.7,2.2,5.6,1641717
Ajay Mitchell,Oklahoma City Thunder,12,0,7.0,1.3,2.9,0.457,0.4,1.1,0.385,0.3,0.4,0.8,0.3,0.5,0.8,0.8,0.2,0.0,0.5,0.6,3.4,1642349
Kenrich Williams,Oklahoma City Thunder,16,0,8.6,1.0,2.5,0.4,0.3,1.3,0.2,0.2,0.4,0.5,0.5,1.7,2.2,0.4,0.4,0.1,0.4,0.4,2.4,1629026
Isaiah Hartenstein,Oklahoma City Thunder,23,20,22.4,3.6,5.8,0.619,0.0,0.0,0.0,0.9,1.3,0.667,2.7,4.8,7.5,2.2,0.8,0.5,1.2,2.5,8.1,1628392
Kyle Anderson,Utah Jazz,2,0,7.0,0.0,1.0,0.0,0.0,0.0,0.0,0.0,0.0,0.0,0.0,0.5,0.5,0.5,0.0,0.0,0.5,0.5,0.0,203937
Scotty Pippen Jr.,Memphis Grizzlies,4,4,32.3,5.5,14.5,0.379,2.5,7.0,0.357,4.8,4.8,1.0,1.0,4.5,5.5,3.5,1.0,0.3,3.5,4.8,18.3,1630590
Ty Jerome,Memphis Grizzlies,9,1,21.2,4.1,10.2,0.402,1.6,4.0,0.389,1.9,2.2,0.85,0.6,1.9,2.4,3.6,0.6,0.1,1.2,1.8,11.7,1629660
Kentavious Caldwell-Pope,Memphis Grizzlies,5,5,32.6,1.6,6.0,0.267,1.2,4.6,0.261,0.6,0.8,0.75,0.2,2.8,3.0,1.8,1.4,0.6,0.4,2.2,5.0,203484
Vince Williams Jr.,Memphis Grizzlies,3,0,12.7,1.3,2.3,0.571,1.3,2.3,0.571,0.7,0.7,1.0,0.3,2.0,2.3,1.3,0.7,0.3,1.0,1.0,4.7,1631246
Santi Aldama,Memphis Grizzlies,4,1,30.5,5.3,11.0,0.477,2.5,6.0,0.417,0.0,0.0,0.0,0.5,5.5,6.0,1.8,0.0,0.3,1.3,1.8,13.0,1630583
Jaren Jackson Jr.,Memphis Grizzlies,4,4,34.3,5.5,14.5,0.379,0.8,2.8,0.273,4.3,5.0,0.85,2.3,2.8,5.0,1.5,1.0,0.5,2.8,3.5,16.0,1628991
Ja Morant,Memphis Grizzlies,3,3,27.3,7.3,17.7,0.415,1.3,5.3,0.25,2.3,3.7,0.636,0.3,1.7,2.0,5.0,0.7,0.7,2.0,1.0,18.3,1629630
Zach Edey,Memphis Grizzlies,4,4,27.0,2.5,3.8,0.667,0.0,0.0,0.0,1.3,1.8,0.714,2.8,5.0,7.8,1.8,0.0,2.5,1.5,3.0,6.3,1641744
Jock Landale,Memphis Grizzlies,1,0,5.0,1.0,2.0,0.5,0.0,0.0,0.0,0.0,0.0,0.0,0.0,0.0,0.0,0.0,0.0,0.0,0.0,0.0,2.0,1629111
John Konchar,Memphis Grizzlies,4,0,17.3,0.8,2.3,0.333,0.3,1.5,0.167,1.0,1.0,1.0,0.8,2.5,3.3,1.5,0.5,0.5,0.5,2.0,2.8,1629723
Cam Whitmore,Washington Wizards,3,0,1.7,0.0,0.7,0.0,0.0,0.3,0.0,0.0,0.0,0.0,0.0,0.3,0.3,0.0,0.0,0.0,0.0,0.0,0.0,1641715
Marvin Bagley III,Washington Wizards,2,0,14.0,4.0,4.5,0.889,0.5,0.5,1.0,0.0,0.0,0.0,1.0,2.0,3.0,0.0,1.0,0.5,1.5,1.5,8.5,1628963
Jalen Duren,Detroit Pistons,6,6,33.8,4.3,6.7,0.65,0.0,0.0,0.0,3.2,3.8,0.826,4.3,6.3,10.7,3.5,0.3,1.7,1.7,4.3,11.8,1631105
Cade Cunningham,Detroit Pistons,6,6,41.3,9.2,21.5,0.426,0.8,4.7,0.179,5.8,7.0,0.833,1.0,7.3,8.3,8.7,1.8,1.3,5.3,3.3,25.0,1630595
Ronald Holland II,Detroit Pistons,5,0,6.8,0.0,1.0,0.0,0.0,0.6,0.0,1.8,2.0,0.9,0.6,0.6,1.2,0.0,0.0,0.2,1.2,1.0,1.8,1641842
Paul Reed,Detroit Pistons,5,0,10.6,1.0,1.6,0.625,0.0,0.0,0.0,0.8,1.2,0.667,1.4,1.6,3.0,0.2,1.0,0.6,1.0,1.6,2.8,1630194
Ausar Thompson,Detroit Pistons,6,6,22.5,4.0,7.0,0.571,0.0,0.3,0.0,3.5,6.0,0.583,1.3,3.8,5.2,1.0,1.2,0.8,1.8,4.2,11.5,1641709
Tobias Harris,Detroit Pistons,6,6,38.8,5.7,11.8,0.479,1.7,3.8,0.435,2.7,2.7,1.0,1.3,6.3,7.7,0.5,1.0,1.2,1.0,2.7,15.7,202699
Isaiah Stewart,Detroit Pistons,1,0,19.0,1.0,2.0,0.5,0.0,0.0,0.0,0.0,0.0,0.0,1.0,4.0,5.0,1.0,0.0,2.0,0.0,5.0,2.0,1630191
Javonte Green,Detroit Pistons,6,0,6.5,0.7,1.7,0.4,0.2,0.8,0.2,1.0,1.0,1.0,0.2,1.3,1.5,0.3,0.7,0.0,0.3,0.3,2.5,1629750
Duncan Robinson,Detroit Pistons,4,0,14.8,1.3,3.5,0.357,1.0,3.0,0.333,0.8,1.0,0.75,0.0,1.0,1.0,0.3,0.0,0.0,1.5,1.5,4.3,1629130
Pat Connaughton,Charlotte Hornets,3,0,4.7,0.7,2.7,0.25,0.3,1.3,0.25,0.3,0.7,0.5,0.0,0.7,0.7,0.3,0.0,0.0,0.3,0.3,2.0,1626192
