PLAYER_ID,PLAYER,TEAM_NAME,GP,GS,MIN,FGM,FGA,FG_PCT,FG3M,FG3A,FG3_PCT,FTM,FTA,FT_PCT,OREB,DREB,REB,AST,STL,BLK,TOV,PF,PTS,CONFERENCE
1629627,Zion Williamson,New Orleans Pelicans,214,214,31.4,9.5,16.2,0.589,0.1,0.5,0.327,5.4,7.9,0.689,2.3,4.3,6.6,4.3,1.0,0.6,2.8,2.3,24.7,Oeste
1630529,Herbert Jones,New Orleans Pelicans,240,231,30.2,3.7,7.7,0.477,1.0,2.8,0.366,1.8,2.2,0.824,1.2,2.6,3.8,2.5,1.6,0.7,1.3,3.1,10.1,Oeste
1629673,Jordan Poole,New Orleans Pelicans,412,249,27.5,5.7,13.5,0.422,2.5,7.1,0.345,3.0,3.4,0.879,0.4,2.3,2.7,3.8,0.9,0.3,2.3,2.5,16.8,Oeste
1627749,Dejounte Murray,New Orleans Pelicans,503,432,29.3,6.2,13.6,0.453,1.2,3.5,0.34,2.0,2.5,0.79,0.9,4.9,5.8,5.4,1.5,0.3,2.1,1.8,15.5,Oeste
1630531,Jaden Springer,New Orleans Pelicans,110,6,8.8,1.0,2.5,0.409,0.2,0.9,0.238,0.6,0.8,0.773,0.5,0.9,1.4,0.8,0.6,0.2,0.5,1.1,2.9,Oeste
1631121,Bryce McGowens,New Orleans Pelicans,118,21,14.4,1.6,3.8,0.415,0.5,1.6,0.323,1.1,1.4,0.766,0.3,1.3,1.7,0.9,0.3,0.1,0.7,1.1,4.8,Oeste
1630631,Jose Alvarado,New Orleans Pelicans,227,34,20.0,3.0,7.3,0.411,1.3,3.8,0.348,0.9,1.1,0.757,0.5,1.8,2.2,3.1,1.2,0.2,1.1,1.7,8.2,Oeste
1631255,Karlo Matković,New Orleans Pelicans,42,7,18.8,3.2,5.6,0.574,0.5,1.6,0.318,0.8,1.0,0.773,1.5,3.5,5.0,1.1,0.5,1.0,1.0,2.5,7.7,Oeste
1642274,Yves Missi,New Orleans Pelicans,73,67,26.8,3.7,6.7,0.547,0.0,0.0,0.0,1.7,2.8,0.623,3.5,4.7,8.2,1.4,0.5,1.3,1.1,2.0,9.1,Oeste
1641725,Trey Alexander,New Orleans Pelicans,24,0,4.9,0.5,1.7,0.317,0.1,0.7,0.176,0.1,0.2,0.75,0.0,0.5,0.5,0.5,0.1,0.0,0.2,0.4,1.3,Oeste
1641722,Jordan Hawkins,New Orleans Pelicans,123,19,20.2,3.1,8.2,0.376,1.8,5.1,0.348,1.2,1.4,0.826,0.4,2.0,2.5,1.1,0.4,0.2,0.8,1.0,9.2,Oeste
1630530,Trey Murphy III,New Orleans Pelicans,251,140,27.3,4.6,10.1,0.454,2.4,6.2,0.383,2.2,2.5,0.875,0.8,3.1,3.9,1.8,0.9,0.5,0.9,1.6,13.7,Oeste
1630180,Saddiq Bey,New Orleans Pelicans,292,223,30.1,4.7,11.5,0.408,2.2,6.3,0.352,2.4,2.9,0.842,1.4,3.8,5.2,1.8,0.8,0.2,1.0,1.5,14.1,Oeste
1626172,Kevon Looney,New Orleans Pelicans,599,262,17.2,2.1,3.7,0.575,0.0,0.1,0.185,0.7,1.2,0.608,2.1,3.5,5.7,1.6,0.5,0.5,0.6,2.2,5.0,Oeste
1631108,Max Christie,Dallas Mavericks,186,46,19.3,2.1,5.0,0.426,1.0,2.7,0.37,1.0,1.2,0.841,0.3,2.2,2.6,1.2,0.5,0.3,0.7,1.1,6.2,Oeste
203957,Danté Exum,Dallas Mavericks,320,102,18.8,2.3,5.3,0.435,0.8,2.2,0.343,0.9,1.1,0.765,0.4,1.6,1.9,2.3,0.4,0.2,1.2,1.7,6.2,Oeste
1630702,Jaden Hardy,Dallas Mavericks,178,15,14.6,2.9,6.9,0.425,1.2,3.2,0.381,1.0,1.4,0.763,0.2,1.5,1.7,1.4,0.4,0.1,1.1,1.3,8.1,Oeste
1641726,Dereck Lively II,Dallas Mavericks,91,71,23.4,3.9,5.4,0.729,0.0,0.0,0.0,1.0,1.7,0.565,2.6,4.5,7.1,1.6,0.6,1.5,1.0,2.7,8.8,Oeste
203076,Anthony Davis,Dallas Mavericks,787,780,34.5,9.0,17.3,0.522,0.5,1.6,0.296,5.6,7.0,0.794,2.7,8.0,10.7,2.6,1.3,2.3,2.0,2.3,24.1,Oeste
1628372,Dennis Smith Jr.,Dallas Mavericks,326,152,23.3,3.8,9.2,0.407,0.8,2.8,0.298,1.4,2.0,0.674,0.7,2.3,3.0,4.2,1.2,0.3,1.9,2.1,9.7,Oeste
1626156,D'Angelo Russell,Dallas Mavericks,629,536,29.8,6.2,14.5,0.427,2.5,6.9,0.365,2.3,2.9,0.796,0.5,2.9,3.4,5.7,1.1,0.3,2.6,1.9,17.3,Oeste
1630625,Dalano Banton,Dallas Mavericks,216,19,14.5,2.5,6.2,0.402,0.7,2.4,0.304,1.1,1.4,0.728,0.6,1.7,2.2,2.0,0.5,0.4,1.1,1.0,6.8,Oeste
203939,Dwight Powell,Dallas Mavericks,705,254,17.8,2.5,4.1,0.604,0.2,0.6,0.294,1.6,2.1,0.736,1.5,2.7,4.2,1.0,0.6,0.4,0.7,2.2,6.7,Oeste
1630314,Brandon Williams,Dallas Mavericks,74,19,16.7,3.0,7.1,0.426,0.8,2.4,0.32,1.8,2.4,0.744,0.5,1.5,2.0,2.5,0.7,0.2,1.4,1.2,8.6,Oeste
202681,Kyrie Irving,Dallas Mavericks,779,779,34.5,8.7,18.4,0.474,2.4,6.1,0.394,3.8,4.3,0.888,0.8,3.3,4.1,5.6,1.3,0.4,2.5,2.3,23.7,Oeste
1630230,Naji Marshall,Dallas Mavericks,299,67,21.4,3.2,7.1,0.456,0.8,2.6,0.302,1.5,2.0,0.786,0.8,3.0,3.8,2.3,0.8,0.2,1.2,1.5,8.8,Oeste
1628997,Caleb Martin,Dallas Mavericks,311,112,24.3,3.1,6.9,0.447,1.0,2.9,0.357,1.2,1.6,0.734,1.0,2.8,3.9,1.6,0.9,0.4,1.0,1.8,8.4,Oeste
1629655,Daniel Gafford,Dallas Mavericks,378,215,19.8,3.8,5.4,0.709,0.0,0.0,0.0,1.6,2.3,0.672,2.2,3.5,5.6,1.1,0.5,1.5,1.0,2.5,9.3,Oeste
1629023,P.J. Washington,Dallas Mavericks,390,320,30.6,4.9,10.9,0.448,1.7,4.9,0.358,1.6,2.3,0.709,1.2,4.6,5.9,2.3,1.0,1.0,1.6,2.5,13.1,Oeste
202691,Klay Thompson,Dallas Mavericks,865,814,32.1,7.1,15.8,0.451,3.1,7.6,0.411,1.8,2.1,0.86,0.5,3.0,3.5,2.3,0.8,0.5,1.6,2.0,19.1,Oeste
1630526,Jeremiah Robinson-Earl,Dallas Mavericks,197,66,17.6,2.3,5.1,0.441,0.8,2.4,0.342,0.7,0.8,0.796,1.4,2.9,4.3,1.0,0.5,0.2,0.6,1.3,6.0,Oeste
1631128,Christian Braun,Denver Nuggets,237,87,23.3,3.5,6.7,0.528,0.8,2.0,0.384,1.3,1.7,0.752,0.9,2.8,3.8,1.7,0.7,0.4,0.7,1.7,9.2,Oeste
1631124,Julian Strawther,Denver Nuggets,115,4,16.8,2.5,6.2,0.412,1.2,3.5,0.332,0.8,1.1,0.793,0.2,1.6,1.8,1.1,0.5,0.2,0.7,1.8,7.1,Oeste
1629650,Moses Brown,Denver Nuggets,163,46,11.7,2.1,3.7,0.574,0.0,0.0,0.0,1.1,2.0,0.544,1.9,3.1,4.9,0.2,0.3,0.5,0.6,1.4,5.3,Oeste
1641816,Hunter Tyson,Denver Nuggets,69,2,6.5,0.8,2.0,0.379,0.4,1.3,0.307,0.3,0.4,0.75,0.4,0.9,1.3,0.3,0.2,0.1,0.2,0.8,2.2,Oeste
1631212,Peyton Watson,Denver Nuggets,171,24,19.5,2.6,5.5,0.472,0.6,1.8,0.328,1.0,1.5,0.673,0.6,2.4,3.1,1.1,0.5,1.1,0.7,1.6,6.8,Oeste
203501,Tim Hardaway Jr.,Denver Nuggets,813,422,27.4,4.7,11.4,0.417,2.3,6.3,0.361,2.0,2.4,0.815,0.3,2.6,2.9,1.8,0.6,0.1,1.0,1.6,13.7,Oeste
1628971,Bruce Brown,Denver Nuggets,457,268,24.9,3.5,7.3,0.476,0.6,1.8,0.337,1.3,1.7,0.768,1.0,3.2,4.2,2.4,0.9,0.5,1.1,2.3,8.9,Oeste
203999,Nikola Jokić,Denver Nuggets,745,704,31.7,8.4,15.0,0.56,1.1,3.0,0.36,3.9,4.8,0.824,2.7,8.3,10.9,7.2,1.3,0.7,2.9,2.7,21.8,Oeste
202685,Jonas Valančiūnas,Denver Nuggets,937,848,25.1,5.2,9.3,0.56,0.3,0.7,0.341,2.4,3.0,0.794,2.7,6.6,9.3,1.4,0.4,0.9,1.6,2.8,13.1,Oeste
1630556,Kessler Edwards,Denver Nuggets,178,45,12.7,1.4,3.2,0.428,0.6,1.7,0.36,0.2,0.3,0.786,0.6,1.6,2.2,0.6,0.4,0.3,0.4,1.2,3.6,Oeste
1642461,Spencer Jones,Denver Nuggets,20,0,6.2,0.6,1.7,0.324,0.1,0.9,0.059,0.2,0.2,1.0,0.4,0.5,0.9,0.3,0.3,0.3,0.3,0.9,1.3,Oeste
1630192,Zeke Nnaji,Denver Nuggets,251,11,12.0,1.6,3.1,0.509,0.4,1.1,0.362,0.6,1.0,0.653,0.9,1.3,2.3,0.4,0.3,0.5,0.4,1.4,4.2,Oeste
1629661,Cameron Johnson,Denver Nuggets,340,181,26.5,4.4,9.8,0.453,2.3,5.9,0.392,1.7,2.0,0.851,0.8,3.2,3.9,2.0,0.8,0.3,0.9,1.7,12.9,Oeste
1629618,Jalen Pickett,Denver Nuggets,76,4,10.4,1.2,2.8,0.428,0.6,1.7,0.389,0.1,0.2,0.75,0.2,0.9,1.1,1.7,0.3,0.1,0.4,0.7,3.2,Oeste
1627750,Jamal Murray,Denver Nuggets,536,461,31.3,6.6,14.6,0.455,2.1,5.6,0.381,2.6,2.9,0.87,0.8,3.0,3.8,4.7,1.0,0.4,2.0,1.8,18.0,Oeste
203932,Aaron Gordon,Denver Nuggets,720,622,29.3,5.1,10.6,0.484,1.1,3.2,0.331,2.2,3.2,0.693,1.7,4.5,6.2,2.7,0.7,0.6,1.5,2.0,13.6,Oeste
1627780,Gary Payton II,Golden State Warriors,270,51,14.9,2.3,4.2,0.557,0.5,1.4,0.34,0.4,0.6,0.625,0.9,1.9,2.8,1.2,1.0,0.3,0.6,1.7,5.5,Oeste
1630228,Jonathan Kuminga,Golden State Warriors,258,84,22.0,4.7,9.3,0.507,0.8,2.4,0.332,2.3,3.3,0.696,1.1,3.0,4.0,1.8,0.6,0.4,1.4,2.2,12.5,Oeste
1641764,Brandin Podziemski,Golden State Warriors,138,61,26.7,4.0,8.9,0.449,1.5,3.9,0.378,0.9,1.3,0.701,1.3,4.1,5.4,3.6,0.9,0.2,1.2,1.6,10.4,Oeste
1630541,Moses Moody,Golden State Warriors,255,57,16.6,2.5,5.5,0.449,1.1,3.1,0.367,1.0,1.2,0.775,0.6,1.6,2.2,0.9,0.5,0.3,0.6,1.2,7.0,Oeste
1627741,Buddy Hield,Golden State Warriors,714,434,28.3,5.4,12.6,0.433,3.0,7.5,0.397,1.2,1.4,0.858,0.7,3.4,4.1,2.5,0.9,0.3,1.6,2.0,15.0,Oeste
1629001,De'Anthony Melton,Golden State Warriors,356,148,22.9,3.2,7.9,0.41,1.5,4.1,0.369,1.1,1.4,0.779,0.7,3.0,3.7,2.8,1.4,0.5,1.4,2.0,9.1,Oeste
202710,Jimmy Butler III,Golden State Warriors,869,764,33.1,5.9,12.6,0.472,0.8,2.4,0.328,5.7,6.7,0.843,1.7,3.7,5.3,4.3,1.6,0.4,1.6,1.4,18.3,Oeste
1629716,Marques Bolden,Golden State Warriors,18,2,8.4,1.0,1.6,0.643,0.0,0.1,0.0,0.4,0.7,0.667,0.7,1.6,2.3,0.2,0.3,0.5,0.3,0.6,2.4,Oeste
1630611,Gui Santos,Golden State Warriors,79,2,12.1,1.4,3.0,0.47,0.6,1.6,0.338,0.6,0.7,0.763,1.1,1.7,2.8,1.2,0.4,0.2,0.6,1.4,3.9,Oeste
201143,Al Horford,Golden State Warriors,1138,1078,31.6,5.3,10.5,0.509,0.9,2.3,0.377,1.4,1.8,0.763,1.9,6.0,7.9,3.2,0.8,1.1,1.4,2.1,12.9,Oeste
1642366,Quinten Post,Golden State Warriors,42,14,16.3,2.9,6.5,0.449,1.7,4.3,0.408,0.5,0.6,0.778,0.8,2.7,3.5,1.3,0.4,0.4,0.8,2.0,8.1,Oeste
203110,Draymond Green,Golden State Warriors,881,726,28.7,3.2,7.1,0.449,0.8,2.6,0.32,1.4,2.0,0.71,1.1,5.8,6.9,5.6,1.3,1.0,2.3,2.9,8.7,Oeste
201939,Stephen Curry,Golden State Warriors,1026,1020,34.1,8.4,17.9,0.471,4.0,9.3,0.423,3.9,4.3,0.911,0.7,4.0,4.7,6.4,1.5,0.3,3.1,2.3,24.7,Oeste
203552,Seth Curry,Golden State Warriors,550,224,22.5,3.6,7.7,0.471,1.7,4.0,0.433,0.9,1.1,0.863,0.3,1.7,2.0,1.9,0.7,0.1,1.0,1.5,10.0,Oeste
1631218,Trayce Jackson-Davis,Golden State Warriors,130,53,16.1,3.1,4.9,0.642,0.0,0.0,0.0,1.0,1.8,0.568,2.0,3.0,5.0,1.4,0.4,0.9,0.7,1.4,7.3,Oeste
1642050,Jackson Rowe,Golden State Warriors,6,0,8.5,1.3,2.8,0.471,0.5,1.7,0.3,0.5,1.0,0.5,0.5,1.3,1.8,0.7,0.7,0.0,0.2,0.7,3.7,Oeste
1630311,Pat Spencer,Golden State Warriors,45,0,6.1,1.0,2.3,0.41,0.1,0.5,0.208,0.2,0.3,0.733,0.4,0.7,1.1,1.2,0.3,0.1,0.4,0.5,2.3,Oeste
1628988,Aaron Holiday,Houston Rockets,448,66,16.4,2.4,5.6,0.421,1.0,2.5,0.382,0.8,0.9,0.851,0.3,1.3,1.6,2.0,0.6,0.2,0.9,1.4,6.5,Oeste
1641708,Amen Thompson,Houston Rockets,131,65,27.6,4.8,8.7,0.549,0.3,1.1,0.221,2.1,3.1,0.684,2.6,4.8,7.4,3.3,1.3,1.0,1.7,2.4,11.9,Oeste
1627827,Dorian Finney-Smith,Houston Rockets,591,444,28.0,3.0,7.0,0.436,1.6,4.3,0.362,0.7,0.9,0.718,1.5,3.0,4.5,1.4,0.8,0.4,0.9,2.2,8.3,Oeste
1627832,Fred VanVleet,Houston Rockets,550,401,31.3,5.0,12.5,0.401,2.5,6.8,0.371,2.3,2.7,0.862,0.4,3.0,3.4,5.7,1.4,0.5,1.7,2.2,14.9,Oeste
201142,Kevin Durant,Houston Rockets,1123,1120,36.7,9.4,18.7,0.502,2.0,5.0,0.39,6.5,7.4,0.882,0.7,6.3,7.0,4.4,1.0,1.1,3.2,1.9,27.2,Oeste
1630256,Jae'Sean Tate,Houston Rockets,296,153,21.6,3.3,6.6,0.493,0.6,1.9,0.309,1.1,1.6,0.7,1.4,2.7,4.1,2.0,0.8,0.4,1.2,2.8,8.3,Oeste
1630284,Kevon Harris,Houston Rockets,36,0,12.9,1.4,3.1,0.445,0.4,1.2,0.372,0.9,1.1,0.756,0.8,1.2,2.0,0.5,0.5,0.1,0.6,1.6,4.0,Oeste
1631095,Jabari Smith Jr.,Houston Rockets,212,194,31.1,4.7,10.8,0.432,1.7,4.9,0.34,2.0,2.4,0.805,1.7,5.7,7.5,1.3,0.6,0.8,1.2,2.6,13.0,Oeste
203500,Steven Adams,Houston Rockets,764,644,25.8,3.7,6.3,0.586,0.0,0.0,0.059,1.5,2.8,0.533,3.6,4.4,8.0,1.5,0.8,0.9,1.4,2.4,8.8,Oeste
1642263,Reed Sheppard,Houston Rockets,52,3,12.6,1.6,4.6,0.351,0.9,2.7,0.338,0.3,0.3,0.813,0.3,1.2,1.5,1.4,0.7,0.3,0.7,1.0,4.4,Oeste
1631106,Tari Eason,Houston Rockets,161,21,22.8,4.1,8.7,0.466,0.9,2.5,0.345,1.3,1.8,0.741,2.3,4.0,6.3,1.2,1.4,0.7,1.2,2.3,10.3,Oeste
1631120,JD Davison,Houston Rockets,36,0,5.5,0.7,1.8,0.385,0.3,0.9,0.281,0.3,0.4,0.692,0.2,0.7,0.9,0.9,0.2,0.1,0.5,0.3,1.9,Oeste
1629006,Josh Okogie,Houston Rockets,416,167,19.1,2.0,5.0,0.406,0.7,2.2,0.299,1.6,2.1,0.747,1.1,1.9,3.0,1.2,0.9,0.4,0.8,1.7,6.3,Oeste
1642384,Isaiah Crawford,Houston Rockets,15,0,3.0,0.3,0.7,0.455,0.1,0.3,0.2,0.1,0.3,0.5,0.1,0.5,0.5,0.1,0.1,0.1,0.1,0.1,0.9,Oeste
1630578,Alperen Sengun,Houston Rockets,286,224,28.3,6.2,12.1,0.518,0.4,1.3,0.272,3.2,4.5,0.701,2.9,5.7,8.6,4.1,1.0,0.9,2.4,3.1,16.0,Oeste
203991,Clint Capela,Houston Rockets,664,587,26.2,5.2,8.5,0.617,0.0,0.0,0.0,1.5,2.8,0.544,3.7,6.9,10.5,1.0,0.7,1.4,1.1,2.3,12.0,Oeste
201145,Jeff Green,Houston Rockets,1217,660,27.3,4.3,9.5,0.45,1.0,2.9,0.338,2.3,2.9,0.804,0.8,3.2,4.0,1.5,0.6,0.5,1.3,2.1,11.8,Oeste
203078,Bradley Beal,Los Angeles Clippers,801,752,34.4,7.9,17.1,0.464,2.1,5.7,0.376,3.6,4.3,0.821,0.9,3.2,4.1,4.3,1.1,0.4,2.4,2.3,21.5,Oeste
201935,James Harden,Los Angeles Clippers,1151,937,34.8,7.1,16.2,0.439,2.8,7.6,0.363,7.1,8.2,0.861,0.8,4.9,5.6,7.2,1.5,0.6,3.7,2.5,24.1,Oeste
202695,Kawhi Leonard,Los Angeles Clippers,733,704,31.8,7.3,14.6,0.499,1.6,4.1,0.392,3.9,4.5,0.86,1.2,5.2,6.4,3.1,1.7,0.6,1.7,1.7,20.1,Oeste
101108,Chris Paul,Los Angeles Clippers,1354,1314,33.7,6.0,12.8,0.47,1.4,3.7,0.37,3.6,4.1,0.871,0.6,3.8,4.4,9.2,2.0,0.2,2.3,2.4,17.0,Oeste
1627884,Derrick Jones Jr.,Los Angeles Clippers,497,218,20.3,2.7,5.4,0.507,0.6,2.0,0.325,1.1,1.6,0.706,1.2,2.1,3.3,0.7,0.7,0.6,0.6,1.9,7.2,Oeste
1627739,Kris Dunn,Los Angeles Clippers,407,222,23.3,3.1,7.1,0.437,0.6,2.0,0.327,0.8,1.0,0.736,0.5,2.8,3.3,4.0,1.5,0.4,1.6,2.7,7.7,Oeste
1642280,Trentyn Flowers,Los Angeles Clippers,6,0,4.3,0.7,1.8,0.364,0.0,0.3,0.0,0.5,0.5,1.0,0.2,0.5,0.7,0.0,0.0,0.0,0.2,0.7,1.8,Oeste
1630554,Jason Preston,Los Angeles Clippers,21,0,9.2,1.1,2.9,0.4,0.2,1.0,0.238,0.0,0.1,0.0,0.4,1.5,1.9,2.0,0.2,0.0,0.6,0.5,2.5,Oeste
203992,Bogdan Bogdanović,Los Angeles Clippers,503,197,28.4,5.2,11.9,0.437,2.5,6.4,0.382,1.5,1.7,0.846,0.5,2.8,3.3,3.2,1.0,0.3,1.4,2.1,14.3,Oeste
201572,Brook Lopez,Los Angeles Clippers,1105,1065,30.3,6.0,12.2,0.497,1.0,2.8,0.352,2.8,3.5,0.797,2.0,4.1,6.1,1.5,0.6,1.9,1.6,2.6,15.9,Oeste
1641757,Jordan Miller,Los Angeles Clippers,45,0,10.0,1.4,3.2,0.441,0.2,0.9,0.225,0.7,0.8,0.811,0.6,0.8,1.4,0.8,0.4,0.1,0.6,0.6,3.7,Oeste
1642353,Cam Christie,Los Angeles Clippers,13,0,4.5,0.5,1.8,0.292,0.2,1.0,0.154,0.2,0.3,0.5,0.2,0.7,0.9,0.5,0.4,0.1,0.2,0.3,1.4,Oeste
1628381,John Collins,Los Angeles Clippers,472,410,29.1,6.2,11.4,0.546,1.0,2.9,0.363,2.5,3.2,0.792,2.2,5.8,8.1,1.5,0.6,1.0,1.5,3.0,16.0,Oeste
1631116,Patrick Baldwin Jr.,Los Angeles Clippers,93,7,8.9,1.3,3.2,0.405,0.8,2.2,0.373,0.3,0.4,0.658,0.2,1.8,2.0,0.5,0.3,0.2,0.4,0.8,3.7,Oeste
1641738,Kobe Brown,Los Angeles Clippers,84,0,7.9,0.8,1.9,0.432,0.2,0.9,0.27,0.1,0.1,0.667,0.5,1.0,1.5,0.6,0.2,0.1,0.3,0.9,2.0,Oeste
201587,Nicolas Batum,Los Angeles Clippers,1131,871,28.9,3.5,8.1,0.437,1.5,4.2,0.369,1.3,1.6,0.832,1.0,3.9,4.8,3.1,0.9,0.6,1.5,1.7,10.0,Oeste
1627826,Ivica Zubac,Los Angeles Clippers,584,451,23.0,4.2,6.8,0.616,0.0,0.0,0.083,1.8,2.4,0.726,2.6,5.5,8.1,1.4,0.4,1.0,1.2,2.4,10.2,Oeste
1629020,Jarred Vanderbilt,Los Angeles Lakers,309,170,20.0,2.4,4.2,0.56,0.2,0.6,0.288,0.9,1.5,0.638,2.0,4.2,6.2,1.4,1.1,0.4,1.0,2.0,5.9,Oeste
1641733,Nick Smith Jr.,Los Angeles Lakers,111,27,18.9,3.0,7.7,0.391,1.5,4.1,0.369,0.5,0.5,0.918,0.3,1.5,1.8,1.8,0.2,0.1,1.1,1.2,8.0,Oeste
1642261,Dalton Knecht,Los Angeles Lakers,78,16,19.1,3.3,7.1,0.461,1.6,4.4,0.376,0.8,1.1,0.762,0.5,2.3,2.8,0.8,0.3,0.1,0.5,1.2,9.1,Oeste
1629028,Deandre Ayton,Los Angeles Lakers,398,391,30.8,7.3,12.4,0.59,0.1,0.3,0.23,1.8,2.3,0.755,3.1,7.4,10.5,1.6,0.7,1.0,1.7,2.6,16.4,Oeste
1629216,Gabe Vincent,Los Angeles Lakers,278,79,21.0,2.6,6.5,0.396,1.4,4.3,0.337,0.5,0.6,0.831,0.3,1.3,1.6,2.0,0.8,0.1,1.0,2.0,7.2,Oeste
1642355,Bronny James,Los Angeles Lakers,27,1,6.7,0.8,2.5,0.313,0.3,1.2,0.281,0.4,0.5,0.786,0.1,0.5,0.7,0.8,0.3,0.1,0.5,0.5,2.3,Oeste
1631132,Christian Koloko,Los Angeles Lakers,95,19,12.0,1.2,2.3,0.519,0.0,0.2,0.063,0.5,0.8,0.644,1.3,1.5,2.8,0.5,0.3,0.8,0.3,1.8,2.9,Oeste
1629637,Jaxson Hayes,Los Angeles Lakers,367,87,16.4,2.6,4.1,0.649,0.1,0.3,0.261,1.4,2.1,0.696,1.3,2.6,3.9,0.7,0.5,0.7,0.7,2.0,6.8,Oeste
1631222,Jake LaRavia,Los Angeles Lakers,136,6,18.9,2.3,5.4,0.429,1.0,2.7,0.371,1.3,1.7,0.751,1.2,2.1,3.3,1.7,0.8,0.3,1.1,1.8,6.9,Oeste
1628467,Maxi Kleber,Los Angeles Lakers,440,151,22.3,2.3,5.1,0.443,1.1,3.1,0.354,0.8,1.0,0.776,1.1,3.3,4.4,1.2,0.4,0.9,0.7,2.1,6.4,Oeste
1630559,Austin Reaves,Los Angeles Lakers,280,171,30.1,4.8,9.9,0.481,1.8,4.8,0.37,3.1,3.6,0.863,0.7,3.1,3.8,4.3,0.7,0.3,1.8,1.8,14.5,Oeste
1631466,Nate Williams,Los Angeles Lakers,47,4,8.6,1.7,3.2,0.517,0.2,0.8,0.282,0.3,0.5,0.583,0.6,0.5,1.1,0.6,0.3,0.1,0.5,0.8,3.9,Oeste
2544,LeBron James,Los Angeles Lakers,1562,1560,37.8,9.9,19.6,0.506,1.6,4.7,0.349,5.5,7.5,0.737,1.2,6.4,7.5,7.4,1.5,0.7,3.5,1.8,27.0,Oeste
1629060,Rui Hachimura,Los Angeles Lakers,337,223,27.7,5.0,10.1,0.496,1.1,2.9,0.381,1.7,2.2,0.764,1.0,3.8,4.9,1.3,0.6,0.3,0.9,1.6,12.8,Oeste
1641817,Anton Watson,Los Angeles Lakers,9,0,2.4,0.4,1.0,0.444,0.0,0.1,0.0,0.0,0.0,0.0,0.1,0.2,0.3,0.2,0.1,0.0,0.2,0.3,0.9,Oeste
203935,Marcus Smart,Los Angeles Lakers,635,387,29.5,3.6,9.2,0.388,1.6,4.9,0.324,1.9,2.4,0.776,0.8,2.6,3.4,4.6,1.6,0.4,1.9,2.5,10.6,Oeste
1629029,Luka Dončić,Los Angeles Lakers,450,450,34.9,9.7,20.7,0.468,3.1,8.8,0.35,6.2,8.2,0.751,0.9,7.7,8.6,8.2,1.2,0.5,3.9,2.3,28.6,Oeste
1642389,Zyon Pullin,Minnesota Timberwolves,3,0,0.7,0.0,0.3,0.0,0.0,0.0,0.0,0.0,0.0,0.0,0.0,0.0,0.0,0.0,0.0,0.0,0.0,0.0,0.0,Oeste
1628978,Donte DiVincenzo,Minnesota Timberwolves,416,200,25.5,3.8,8.9,0.427,2.2,5.8,0.38,0.9,1.2,0.772,0.9,3.4,4.3,2.9,1.2,0.3,1.4,1.8,10.7,Oeste
1630545,Terrence Shannon Jr.,Minnesota Timberwolves,32,1,10.6,1.7,3.6,0.482,0.3,1.0,0.355,0.5,0.7,0.81,0.3,1.2,1.5,1.0,0.2,0.2,0.5,0.8,4.3,Oeste
1630183,Jaden McDaniels,Minnesota Timberwolves,366,290,28.5,4.1,8.5,0.482,1.2,3.5,0.348,1.0,1.3,0.752,1.1,3.1,4.2,1.5,0.9,0.8,1.1,3.0,10.3,Oeste
1642265,Rob Dillingham,Minnesota Timberwolves,49,1,10.5,1.9,4.3,0.441,0.5,1.5,0.338,0.2,0.3,0.533,0.2,0.8,1.0,2.0,0.4,0.0,1.1,0.8,4.5,Oeste
1630162,Anthony Edwards,Minnesota Timberwolves,381,363,34.8,8.4,18.8,0.446,2.9,8.0,0.364,4.2,5.2,0.804,0.7,4.6,5.3,4.2,1.3,0.6,2.9,2.0,23.9,Oeste
204060,Joe Ingles,Minnesota Timberwolves,723,314,24.2,2.8,6.2,0.447,1.7,4.2,0.409,0.6,0.8,0.774,0.3,2.7,3.0,3.6,0.9,0.1,1.5,1.8,7.9,Oeste
1630538,Bones Hyland,Minnesota Timberwolves,186,10,17.1,3.2,8.1,0.398,1.7,4.8,0.364,1.3,1.5,0.848,0.2,1.9,2.2,2.6,0.7,0.2,1.3,1.8,9.5,Oeste
201144,Mike Conley,Minnesota Timberwolves,1172,1128,31.2,4.9,11.3,0.438,1.6,4.2,0.389,2.5,3.1,0.825,0.5,2.5,2.9,5.7,1.4,0.2,1.9,1.9,14.1,Oeste
1629675,Naz Reid,Minnesota Timberwolves,406,74,20.9,4.4,9.0,0.487,1.4,3.8,0.373,1.4,1.9,0.728,1.1,3.8,4.9,1.3,0.6,0.9,1.2,2.4,11.6,Oeste
1641803,Tristen Newton,Minnesota Timberwolves,8,0,2.0,0.1,1.0,0.125,0.0,0.4,0.0,0.1,0.1,1.0,0.3,0.3,0.5,0.3,0.1,0.0,0.3,0.5,0.4,Oeste
1631262,Jules Bernard,Minnesota Timberwolves,19,0,7.8,1.5,3.4,0.453,0.6,1.5,0.379,0.3,0.5,0.556,0.5,0.8,1.4,0.8,0.2,0.1,0.4,0.7,3.9,Oeste
1641740,Jaylen Clark,Minnesota Timberwolves,40,4,13.1,1.4,3.0,0.467,0.6,1.3,0.431,0.7,0.9,0.784,0.7,0.7,1.3,0.7,0.9,0.1,0.2,1.5,4.1,Oeste
1628993,Alize Johnson,Minnesota Timberwolves,76,1,7.5,1.0,2.1,0.481,0.1,0.3,0.227,0.4,0.6,0.711,1.0,2.0,3.0,0.4,0.2,0.1,0.4,0.7,2.5,Oeste
1642402,Enrique Freeman,Minnesota Timberwolves,22,1,8.2,0.7,1.7,0.432,0.0,0.5,0.1,0.6,0.9,0.684,0.5,0.9,1.4,0.4,0.1,0.1,0.3,1.0,2.1,Oeste
203497,Rudy Gobert,Minnesota Timberwolves,829,737,30.7,4.7,7.2,0.656,0.0,0.0,0.0,3.2,5.0,0.641,3.4,8.3,11.7,1.4,0.7,2.1,1.6,2.7,12.6,Oeste
203944,Julius Randle,Minnesota Timberwolves,710,630,32.0,6.9,14.6,0.471,1.2,3.6,0.334,4.0,5.4,0.753,2.0,7.2,9.1,3.8,0.7,0.4,2.8,3.0,19.0,Oeste
1630548,Johnny Juzang,Minnesota Timberwolves,102,23,18.4,2.8,6.8,0.421,1.6,4.5,0.363,0.6,0.7,0.803,0.6,2.0,2.5,1.0,0.5,0.1,0.5,1.6,7.9,Oeste
1631159,Leonard Miller,Minnesota Timberwolves,30,0,2.8,0.6,1.2,0.543,0.1,0.3,0.2,0.3,0.3,0.9,0.3,0.8,1.0,0.3,0.1,0.1,0.1,0.2,1.6,Oeste
1642346,Ryan Dunn,Phoenix Suns,74,44,19.1,2.8,6.4,0.43,1.1,3.6,0.311,0.3,0.5,0.487,1.2,2.4,3.6,0.8,0.6,0.5,0.5,2.2,6.9,Oeste
1626220,Royce O'Neale,Phoenix Suns,600,319,26.2,2.5,5.9,0.426,1.5,4.0,0.385,0.5,0.7,0.77,0.7,4.1,4.8,2.4,0.8,0.4,1.0,2.3,7.1,Oeste
1626164,Devin Booker,Phoenix Suns,673,648,34.4,8.5,18.4,0.464,2.1,6.0,0.354,5.2,6.0,0.873,0.6,3.4,4.0,5.2,0.9,0.3,3.0,2.9,24.4,Oeste
1630208,Nick Richards,Phoenix Suns,257,108,18.1,2.8,4.4,0.64,0.0,0.0,0.2,1.7,2.2,0.738,2.0,3.9,5.9,0.6,0.2,0.9,0.9,2.1,7.3,Oeste
1628415,Dillon Brooks,Phoenix Suns,492,465,29.5,5.3,12.5,0.419,1.8,5.1,0.355,1.8,2.3,0.804,0.8,2.5,3.2,2.0,0.9,0.3,1.4,3.3,14.2,Oeste
1630224,Jalen Green,Phoenix Suns,307,307,32.7,7.0,16.6,0.422,2.5,7.4,0.342,3.6,4.5,0.799,0.5,3.7,4.3,3.4,0.8,0.3,2.4,1.6,20.1,Oeste
1630561,David Duke Jr.,Phoenix Suns,55,7,11.9,1.7,4.0,0.417,0.3,1.1,0.262,0.6,0.8,0.767,0.8,1.2,2.0,0.9,0.5,0.1,0.6,1.3,4.2,Oeste
1641878,Damion Baugh,Phoenix Suns,15,2,24.7,2.8,8.7,0.323,0.8,3.7,0.214,0.9,1.0,0.867,0.9,2.4,3.3,3.7,1.0,0.1,2.1,1.5,7.3,Oeste
1628960,Grayson Allen,Phoenix Suns,403,252,25.4,3.5,7.8,0.451,2.1,5.1,0.414,1.4,1.6,0.857,0.5,2.5,3.0,2.0,0.7,0.3,1.0,1.6,10.5,Oeste
1642345,Oso Ighodaro,Phoenix Suns,61,6,17.1,1.9,3.1,0.604,0.0,0.0,0.0,0.5,0.8,0.58,1.1,2.6,3.6,1.2,0.5,0.5,0.6,1.7,4.2,Oeste
1630215,Jared Butler,Phoenix Suns,148,19,13.8,2.5,5.7,0.45,0.8,2.4,0.341,0.8,1.0,0.818,0.3,1.2,1.5,2.8,0.6,0.2,1.1,1.4,6.7,Oeste
1631221,Collin Gillespie,Phoenix Suns,57,9,12.0,1.8,4.0,0.441,0.9,2.2,0.422,0.5,0.6,0.794,0.4,1.3,1.7,1.8,0.6,0.1,0.5,0.9,4.9,Oeste
1630587,Isaiah Livers,Phoenix Suns,94,33,21.8,2.1,5.3,0.407,1.3,3.7,0.358,0.6,0.8,0.789,0.6,2.0,2.6,0.9,0.6,0.4,0.6,1.9,6.2,Oeste
1631109,Mark Williams,Phoenix Suns,106,77,23.7,5.0,8.0,0.622,0.0,0.0,0.0,2.3,3.1,0.753,2.8,6.0,8.8,1.4,0.7,1.1,1.2,2.3,12.3,Oeste
1628502,Nigel Hayes-Davis,Phoenix Suns,9,0,13.6,1.2,3.7,0.333,0.4,1.8,0.25,0.1,0.3,0.333,0.4,2.0,2.4,0.7,0.2,0.3,0.2,0.9,3.0,Oeste
1630692,Jordan Goodwin,Phoenix Suns,150,24,18.1,2.4,5.9,0.41,0.7,2.2,0.323,0.7,0.9,0.763,1.2,2.6,3.8,2.4,0.9,0.4,0.9,1.4,6.2,Oeste
203081,Damian Lillard,Portland Trail Blazers,900,900,36.2,8.1,18.4,0.439,3.1,8.4,0.371,5.8,6.5,0.899,0.6,3.7,4.3,6.7,1.0,0.3,2.8,1.9,25.1,Oeste
1630703,Scoot Henderson,Portland Trail Blazers,128,42,27.5,4.6,11.6,0.401,1.5,4.4,0.34,2.5,3.2,0.793,0.8,2.2,3.1,5.2,0.9,0.2,3.0,2.9,13.3,Oeste
1631104,Blake Wesley,Portland Trail Blazers,156,4,14.3,1.6,3.9,0.409,0.3,1.1,0.297,0.7,1.2,0.634,0.3,1.2,1.5,2.4,0.6,0.1,1.1,1.3,4.3,Oeste
1629680,Matisse Thybulle,Portland Trail Blazers,347,124,21.0,1.9,4.2,0.438,0.9,2.5,0.343,0.3,0.5,0.661,0.6,1.5,2.0,1.1,1.6,0.8,0.6,1.9,4.9,Oeste
201950,Jrue Holiday,Portland Trail Blazers,1037,956,32.9,6.2,13.4,0.462,1.5,4.1,0.37,1.9,2.4,0.788,1.0,3.2,4.2,6.2,1.4,0.5,2.6,2.1,15.8,Oeste
1630166,Deni Avdija,Portland Trail Blazers,359,209,27.0,4.0,8.7,0.462,1.2,3.4,0.337,2.1,2.8,0.753,1.0,5.3,6.2,2.8,0.8,0.4,1.7,2.5,11.3,Oeste
203924,Jerami Grant,Portland Trail Blazers,719,434,27.9,4.5,10.0,0.449,1.3,3.6,0.364,2.9,3.8,0.753,0.8,3.1,3.9,1.6,0.7,1.0,1.3,2.3,13.1,Oeste
1631101,Shaedon Sharpe,Portland Trail Blazers,184,92,27.7,5.3,11.9,0.449,1.7,5.1,0.33,2.0,2.5,0.779,0.9,3.0,3.9,2.1,0.7,0.3,1.7,1.9,14.3,Oeste
1641712,Rayan Rupert,Portland Trail Blazers,91,12,12.0,1.2,3.3,0.37,0.5,1.5,0.321,0.5,0.6,0.764,0.5,1.2,1.8,1.0,0.3,0.1,0.7,1.0,3.4,Oeste
1642270,Donovan Clingan,Portland Trail Blazers,67,37,19.7,2.7,5.0,0.539,0.2,0.7,0.286,0.9,1.6,0.596,3.2,4.6,7.9,1.1,0.5,1.6,1.1,2.8,6.5,Oeste
1631200,Kris Murray,Portland Trail Blazers,131,35,18.2,2.0,4.9,0.406,0.6,2.3,0.251,0.5,0.9,0.558,1.2,1.9,3.1,1.1,0.7,0.3,0.7,1.2,5.1,Oeste
1641871,Duop Reath,Portland Trail Blazers,114,20,14.8,2.6,5.8,0.451,1.1,3.1,0.348,0.8,1.0,0.774,1.2,1.8,3.0,0.8,0.4,0.5,0.6,1.8,7.1,Oeste
1641739,Toumani Camara,Portland Trail Blazers,148,127,29.0,3.5,7.8,0.455,1.3,3.6,0.363,1.1,1.5,0.738,2.1,3.3,5.4,1.8,1.2,0.6,1.3,2.7,9.5,Oeste
1629057,Robert Williams III,Portland Trail Blazers,235,100,20.2,3.2,4.4,0.723,0.0,0.0,0.143,0.8,1.2,0.674,2.5,4.3,6.8,1.4,0.7,1.7,0.9,1.9,7.2,Oeste
1631321,Sidy Cissoko,Portland Trail Blazers,34,0,7.5,0.9,1.9,0.46,0.1,0.7,0.16,0.4,0.7,0.625,0.5,0.8,1.3,0.7,0.3,0.1,0.4,0.8,2.3,Oeste
1641815,Isaiah Stevens,Sacramento Kings,3,0,1.7,0.0,0.7,0.0,0.0,0.3,0.0,0.0,0.0,0.0,0.0,0.7,0.7,0.0,0.3,0.0,0.0,0.0,0.0,Oeste
1628370,Malik Monk,Sacramento Kings,523,83,22.8,4.4,10.2,0.434,1.8,5.1,0.35,1.7,1.9,0.848,0.4,2.3,2.6,3.2,0.6,0.3,1.6,1.7,12.3,Oeste
1629056,Terence Davis,Sacramento Kings,228,24,16.1,2.9,6.7,0.433,1.4,4.0,0.366,0.7,0.9,0.826,0.4,2.3,2.7,1.3,0.7,0.2,1.0,1.7,8.0,Oeste
1642403,Isaac Jones,Sacramento Kings,40,0,7.6,1.4,2.1,0.651,0.1,0.2,0.375,0.6,0.9,0.639,0.6,0.9,1.4,0.3,0.1,0.3,0.4,0.8,3.4,Oeste
203926,Doug McDermott,Sacramento Kings,697,97,19.5,3.2,6.9,0.47,1.4,3.4,0.411,0.7,0.9,0.804,0.4,1.7,2.1,1.0,0.2,0.1,0.6,1.4,8.6,Oeste
203897,Zach LaVine,Sacramento Kings,654,565,32.8,7.4,15.8,0.47,2.3,6.0,0.391,3.6,4.3,0.833,0.4,3.6,4.1,4.0,0.9,0.3,2.6,2.1,20.8,Oeste
203967,Dario Šarić,Sacramento Kings,493,230,22.5,3.7,8.3,0.444,1.3,3.6,0.36,1.7,2.0,0.837,1.4,4.0,5.3,1.9,0.6,0.2,1.5,2.0,10.4,Oeste
201942,DeMar DeRozan,Sacramento Kings,1187,1175,34.7,7.6,16.3,0.469,0.5,1.7,0.3,5.5,6.6,0.842,0.7,3.7,4.4,4.1,1.0,0.3,2.0,2.2,21.3,Oeste
1627734,Domantas Sabonis,Sacramento Kings,646,506,30.8,6.3,11.2,0.56,0.5,1.4,0.347,3.0,4.1,0.729,2.7,7.9,10.7,4.9,0.8,0.5,2.6,3.1,16.1,Oeste
1631099,Keegan Murray,Sacramento Kings,233,231,32.5,5.0,11.1,0.451,2.3,6.3,0.372,1.0,1.2,0.812,1.5,4.1,5.6,1.4,0.9,0.7,0.8,2.4,13.3,Oeste
203471,Dennis Schröder,Sacramento Kings,843,424,27.3,5.1,11.8,0.432,1.3,3.7,0.342,2.5,3.0,0.836,0.4,2.5,2.9,4.9,0.8,0.1,2.2,2.1,13.9,Oeste
1629234,Drew Eubanks,Sacramento Kings,384,75,15.3,2.3,3.8,0.604,0.1,0.1,0.396,1.1,1.5,0.725,1.4,3.1,4.4,1.0,0.4,0.8,0.8,1.6,5.7,Oeste
1642269,Devin Carter,Sacramento Kings,36,0,11.0,1.3,3.5,0.37,0.5,1.7,0.295,0.7,1.2,0.591,0.5,1.6,2.1,1.1,0.6,0.1,0.5,1.1,3.8,Oeste
1631165,Keon Ellis,Sacramento Kings,153,49,19.6,2.2,4.7,0.479,1.4,3.3,0.429,0.7,0.8,0.805,0.6,1.6,2.2,1.4,1.2,0.6,0.7,1.9,6.5,Oeste
1631342,Daeqwon Plowden,Sacramento Kings,6,0,11.8,2.7,4.2,0.64,1.5,2.8,0.529,0.3,0.3,1.0,0.7,1.2,1.8,0.3,0.0,0.0,0.7,1.7,7.2,Oeste
1629162,Jordan McLaughlin,San Antonio Spurs,288,7,14.1,1.5,3.4,0.445,0.6,1.6,0.373,0.4,0.6,0.743,0.3,1.1,1.4,2.8,0.8,0.1,0.7,0.7,4.1,Oeste
1641705,Victor Wembanyama,San Antonio Spurs,117,117,31.1,8.2,17.5,0.469,2.3,6.8,0.339,3.8,4.8,0.809,2.1,8.7,10.8,3.8,1.2,3.7,3.5,2.2,22.5,Oeste
1629640,Keldon Johnson,San Antonio Spurs,370,232,28.6,5.7,12.3,0.467,1.6,4.5,0.352,2.5,3.3,0.762,1.2,4.2,5.4,2.2,0.7,0.3,1.3,1.9,15.6,Oeste
1628368,De'Aaron Fox,San Antonio Spurs,531,517,33.3,7.9,16.9,0.47,1.5,4.6,0.33,4.1,5.5,0.746,0.6,3.3,3.9,6.1,1.4,0.4,2.7,2.6,21.5,Oeste
1642264,Stephon Castle,San Antonio Spurs,81,47,26.7,5.2,12.2,0.428,1.2,4.1,0.285,3.1,4.2,0.724,1.1,2.6,3.7,4.1,0.9,0.3,2.2,2.0,14.7,Oeste
1628436,Luke Kornet,San Antonio Spurs,353,58,14.9,2.1,3.9,0.536,0.4,1.3,0.321,0.6,0.8,0.77,1.4,2.1,3.5,1.1,0.3,0.8,0.4,1.2,5.2,Oeste
203482,Kelly Olynyk,San Antonio Spurs,800,283,22.5,3.6,7.5,0.486,1.2,3.1,0.371,1.7,2.2,0.796,1.2,3.9,5.2,2.5,0.8,0.5,1.6,2.9,10.2,Oeste
1631110,Jeremy Sochan,San Antonio Spurs,184,149,27.3,4.6,9.8,0.468,0.7,2.5,0.29,1.5,2.1,0.725,2.0,4.2,6.1,2.8,0.8,0.5,1.7,2.4,11.4,Oeste
1641745,Adam Flagler,San Antonio Spurs,39,0,5.5,0.7,2.6,0.252,0.4,2.0,0.192,0.0,0.1,0.5,0.2,0.5,0.7,0.4,0.2,0.1,0.1,0.4,1.7,Oeste
1630649,Stanley Umude,San Antonio Spurs,47,2,8.4,0.9,2.4,0.378,0.6,1.5,0.391,0.7,0.8,0.868,0.3,1.2,1.4,0.3,0.3,0.3,0.4,1.0,3.1,Oeste
202687,Bismack Biyombo,San Antonio Spurs,867,377,19.5,2.0,3.7,0.537,0.0,0.0,0.0,1.1,2.0,0.551,1.9,4.0,5.9,0.7,0.3,1.3,0.9,2.2,5.1,Oeste
1630170,Devin Vassell,San Antonio Spurs,303,186,27.7,5.3,11.9,0.444,2.0,5.5,0.369,1.5,1.9,0.806,0.5,3.3,3.8,2.6,1.1,0.4,1.1,1.6,14.1,Oeste
1642434,Riley Minix,San Antonio Spurs,1,0,6.0,0.0,1.0,0.0,0.0,1.0,0.0,0.0,0.0,0.0,0.0,2.0,2.0,0.0,0.0,0.0,0.0,0.0,0.0,Oeste
1630577,Julian Champagnie,San Antonio Spurs,173,91,21.5,2.9,6.9,0.417,1.8,4.8,0.372,1.0,1.2,0.857,0.7,2.7,3.4,1.3,0.7,0.5,0.8,1.3,8.6,Oeste
1630695,Micah Potter,San Antonio Spurs,64,10,15.2,1.4,3.1,0.453,0.7,2.0,0.344,0.4,0.5,0.833,0.9,2.7,3.6,0.6,0.3,0.3,0.6,1.1,3.9,Oeste
203084,Harrison Barnes,San Antonio Spurs,993,932,31.3,4.9,10.7,0.46,1.4,3.8,0.385,2.7,3.3,0.81,1.0,3.8,4.8,1.8,0.7,0.2,1.1,1.5,13.9,Oeste
1630322,Lindy Waters III,San Antonio Spurs,156,10,13.2,1.8,4.5,0.399,1.4,3.7,0.366,0.2,0.2,0.789,0.3,1.6,1.9,0.8,0.4,0.2,0.3,1.0,5.2,Oeste
1631127,Harrison Ingram,San Antonio Spurs,5,0,6.8,0.4,0.8,0.5,0.0,0.2,0.0,0.0,0.0,0.0,0.4,1.4,1.8,0.6,0.6,0.0,0.2,0.4,0.8,Oeste
1641789,Jazian Gortman,Oklahoma City Thunder,16,0,3.5,0.6,1.4,0.391,0.3,0.7,0.364,0.1,0.3,0.5,0.1,0.3,0.3,0.4,0.1,0.1,0.3,0.6,1.5,Oeste
1628983,Shai Gilgeous-Alexander,Oklahoma City Thunder,462,453,33.1,8.5,17.0,0.501,1.3,3.7,0.355,6.0,7.0,0.862,0.8,4.0,4.8,5.1,1.4,0.8,2.3,2.3,24.4,Oeste
1629652,Luguentz Dort,Oklahoma City Thunder,363,354,29.3,4.2,10.2,0.408,2.0,5.6,0.36,1.9,2.4,0.79,1.1,2.8,3.9,1.6,1.0,0.4,1.1,2.9,12.2,Oeste
1631119,Jaylin Williams,Oklahoma City Thunder,165,46,15.7,1.8,4.1,0.43,1.0,2.5,0.39,0.6,0.8,0.752,0.8,3.7,4.5,1.9,0.5,0.4,0.6,1.7,5.1,Oeste
1631096,Chet Holmgren,Oklahoma City Thunder,114,114,28.9,5.9,11.4,0.519,1.5,4.1,0.372,2.8,3.6,0.78,1.6,6.4,7.9,2.3,0.7,2.3,1.6,2.4,16.1,Oeste
1631114,Jalen Williams,Oklahoma City Thunder,215,202,31.3,7.0,13.7,0.513,1.4,3.7,0.382,2.7,3.3,0.803,0.8,3.8,4.6,4.3,1.4,0.6,1.8,2.4,18.1,Oeste
1627936,Alex Caruso,Oklahoma City Thunder,417,133,22.3,2.4,5.5,0.44,1.0,2.7,0.376,1.0,1.3,0.758,0.6,2.3,2.9,2.8,1.3,0.5,1.2,2.1,6.9,Oeste
1630198,Isaiah Joe,Oklahoma City Thunder,321,29,16.9,2.5,5.9,0.431,1.8,4.5,0.402,0.7,0.8,0.837,0.3,1.7,2.0,1.1,0.5,0.1,0.5,1.2,7.6,Oeste
1631172,Ousmane Dieng,Oklahoma City Thunder,109,2,12.3,1.6,3.9,0.424,0.6,2.2,0.293,0.4,0.5,0.727,0.4,1.7,2.2,1.0,0.4,0.2,0.6,0.9,4.3,Oeste
1642382,Branden Carlson,Oklahoma City Thunder,32,0,7.7,1.3,3.0,0.443,0.7,2.1,0.333,0.4,0.6,0.778,0.5,1.2,1.7,0.4,0.2,0.7,0.2,0.7,3.8,Oeste
1642502,Malevy Leons,Oklahoma City Thunder,6,0,3.3,0.0,0.3,0.0,0.0,0.2,0.0,0.3,0.7,0.5,0.2,0.3,0.5,0.2,0.0,0.0,0.2,0.7,0.3,Oeste
1630598,Aaron Wiggins,Oklahoma City Thunder,274,79,20.0,3.3,6.6,0.504,1.0,2.6,0.389,0.9,1.2,0.794,0.9,2.2,3.2,1.3,0.7,0.2,0.9,1.4,8.6,Oeste
1641717,Cason Wallace,Oklahoma City Thunder,150,56,23.8,3.0,6.2,0.482,1.1,2.9,0.389,0.4,0.5,0.797,0.8,2.0,2.8,2.0,1.3,0.5,0.7,1.8,7.5,Oeste
1642349,Ajay Mitchell,Oklahoma City Thunder,36,1,16.6,2.5,5.1,0.495,0.6,1.7,0.383,0.8,1.0,0.829,0.5,1.4,1.9,1.8,0.7,0.1,0.8,1.9,6.5,Oeste
1629026,Kenrich Williams,Oklahoma City Thunder,391,78,19.9,2.6,5.5,0.47,0.9,2.4,0.365,0.4,0.7,0.549,1.2,2.9,4.1,1.8,0.8,0.3,0.7,1.9,6.4,Oeste
1628392,Isaiah Hartenstein,Oklahoma City Thunder,379,114,19.5,2.8,4.8,0.592,0.1,0.3,0.255,1.1,1.6,0.686,2.2,4.2,6.4,2.0,0.7,0.9,1.1,2.5,6.8,Oeste
1641707,Taylor Hendricks,Utah Jazz,43,26,21.6,2.6,6.0,0.434,1.3,3.5,0.368,0.6,0.8,0.788,1.2,3.5,4.7,0.8,0.8,0.8,0.7,2.0,7.1,Oeste
203937,Kyle Anderson,Utah Jazz,714,308,21.5,2.7,5.6,0.478,0.4,1.2,0.34,1.1,1.5,0.716,0.8,3.5,4.3,2.8,1.0,0.6,1.0,1.6,6.8,Oeste
1641718,Keyonte George,Utah Jazz,142,79,29.1,4.8,12.2,0.391,2.3,6.7,0.339,3.0,3.6,0.831,0.3,3.0,3.3,5.0,0.6,0.1,2.6,1.4,14.8,Oeste
1628964,Mo Bamba,Utah Jazz,364,101,16.8,2.6,5.5,0.477,0.8,2.2,0.356,0.7,1.1,0.682,1.5,3.9,5.4,0.8,0.4,1.3,0.8,2.1,6.8,Oeste
1642262,Cody Williams,Utah Jazz,50,21,21.2,1.7,5.1,0.323,0.7,2.7,0.259,0.6,0.8,0.725,0.5,1.7,2.3,1.2,0.5,0.3,0.9,1.9,4.6,Oeste
1642268,Isaiah Collier,Utah Jazz,71,46,25.9,3.3,7.8,0.422,0.6,2.4,0.249,1.5,2.2,0.682,0.5,2.9,3.3,6.3,0.9,0.2,2.9,2.1,8.7,Oeste
1629004,Svi Mykhailiuk,Utah Jazz,331,69,16.3,2.3,5.7,0.402,1.3,3.7,0.36,0.6,0.8,0.765,0.4,1.4,1.8,1.4,0.5,0.1,0.9,0.9,6.6,Oeste
1641989,Elijah Harkless,Utah Jazz,10,0,13.8,1.1,3.5,0.314,0.7,2.5,0.28,0.3,0.6,0.5,0.9,1.2,2.1,0.8,1.0,0.1,0.3,1.8,3.2,Oeste
1642271,Kyle Filipowski,Utah Jazz,72,27,21.1,3.6,7.2,0.502,1.1,3.1,0.35,1.3,2.0,0.65,1.6,4.6,6.1,1.9,0.7,0.3,1.4,2.4,9.6,Oeste
1628374,Lauri Markkanen,Utah Jazz,450,424,31.0,6.3,13.8,0.455,2.5,6.8,0.371,3.1,3.6,0.867,1.4,5.7,7.1,1.5,0.7,0.5,1.4,1.9,18.2,Oeste
1631117,Walker Kessler,Utah Jazz,196,120,25.2,4.1,6.0,0.68,0.1,0.3,0.196,1.1,2.1,0.537,3.4,5.8,9.2,1.2,0.5,2.4,1.1,2.2,9.4,Oeste
1641729,Brice Sensabaugh,Utah Jazz,103,26,19.6,3.5,7.9,0.441,1.9,4.7,0.392,1.0,1.1,0.895,0.6,2.5,3.0,1.6,0.6,0.1,1.5,1.5,9.8,Oeste
203994,Jusuf Nurkić,Utah Jazz,590,490,24.3,4.6,9.3,0.501,0.2,0.8,0.285,2.3,3.5,0.667,2.5,6.3,8.8,2.5,0.9,1.1,2.1,3.1,11.8,Oeste
1627777,Georges Niang,Utah Jazz,544,32,17.5,2.7,6.0,0.445,1.6,4.1,0.399,0.5,0.5,0.852,0.3,2.2,2.5,1.0,0.3,0.1,0.7,1.8,7.4,Oeste
1631131,Oscar Tshiebwe,Utah Jazz,22,1,13.5,2.4,4.1,0.578,0.0,0.0,0.0,1.3,1.8,0.744,2.5,3.8,6.3,0.5,0.7,0.1,0.5,1.2,6.0,Oeste
201567,Kevin Love,Utah Jazz,952,693,28.9,5.3,12.2,0.438,1.8,4.8,0.369,3.8,4.6,0.828,2.3,7.6,10.0,2.3,0.6,0.4,1.8,1.9,16.2,Oeste
1642377,Jaylen Wells,Memphis Grizzlies,79,74,25.9,3.6,8.6,0.425,1.7,5.0,0.352,1.4,1.7,0.822,1.1,2.3,3.4,1.7,0.6,0.1,0.9,1.8,10.4,Oeste
1630590,Scotty Pippen Jr.,Memphis Grizzlies,106,37,21.1,3.7,7.6,0.481,1.1,2.8,0.401,1.6,2.2,0.715,0.8,2.3,3.1,4.2,1.3,0.4,1.8,2.5,10.0,Oeste
1629660,Ty Jerome,Memphis Grizzlies,229,10,18.1,3.2,7.0,0.458,1.2,3.3,0.381,1.1,1.2,0.85,0.4,1.6,2.0,2.8,0.7,0.1,1.0,1.4,8.7,Oeste
203484,Kentavious Caldwell-Pope,Memphis Grizzlies,912,770,29.6,4.0,9.3,0.428,1.7,4.6,0.367,1.5,1.8,0.822,0.6,2.4,3.0,1.8,1.2,0.3,1.0,1.8,11.2,Oeste
1631246,Vince Williams Jr.,Memphis Grizzlies,94,39,21.7,2.6,6.2,0.423,1.2,3.5,0.328,1.3,1.7,0.801,0.9,3.4,4.3,2.5,0.7,0.5,1.4,2.0,7.8,Oeste
1630583,Santi Aldama,Memphis Grizzlies,235,71,22.6,3.7,8.0,0.459,1.4,4.0,0.345,1.1,1.5,0.692,1.2,4.0,5.2,1.9,0.6,0.6,0.9,1.5,9.8,Oeste
1628991,Jaren Jackson Jr.,Memphis Grizzlies,407,398,28.6,6.5,14.0,0.466,1.7,4.9,0.351,3.7,4.6,0.792,1.3,4.2,5.5,1.5,1.0,1.9,1.9,3.6,18.5,Oeste
1641765,Olivier-Maxence Prosper,Memphis Grizzlies,92,5,10.0,1.2,3.0,0.396,0.3,1.0,0.26,0.8,1.3,0.658,0.8,1.5,2.2,0.7,0.4,0.1,0.2,0.5,3.5,Oeste
1629630,Ja Morant,Memphis Grizzlies,307,305,31.9,8.2,17.4,0.469,1.4,4.3,0.316,4.9,6.4,0.766,0.9,3.8,4.7,7.4,1.0,0.3,3.4,1.7,22.6,Oeste
1630296,Braxton Key,Memphis Grizzlies,37,0,7.5,1.1,2.5,0.436,0.2,0.7,0.296,0.5,0.8,0.621,0.5,1.5,1.9,0.5,0.4,0.3,0.4,0.8,2.9,Oeste
1641744,Zach Edey,Memphis Grizzlies,66,55,21.4,3.8,6.6,0.58,0.3,0.8,0.346,1.4,1.9,0.709,3.5,4.8,8.3,1.0,0.5,1.3,1.3,2.8,9.2,Oeste
1629634,Brandon Clarke,Memphis Grizzlies,307,48,20.8,4.4,7.2,0.606,0.2,0.6,0.266,1.3,1.9,0.698,1.8,3.7,5.5,1.3,0.7,0.8,0.7,1.9,10.2,Oeste
1641790,PJ Hall,Memphis Grizzlies,19,0,3.5,0.7,1.3,0.583,0.1,0.4,0.25,0.2,0.2,0.75,0.3,0.8,1.2,0.2,0.0,0.2,0.1,0.6,1.7,Oeste
1642285,Cam Spencer,Memphis Grizzlies,25,1,10.1,1.4,3.3,0.415,0.8,2.1,0.365,0.8,0.8,1.0,0.5,0.7,1.2,1.4,0.4,0.0,0.2,0.9,4.2,Oeste
1629111,Jock Landale,Memphis Grizzlies,221,11,12.8,2.1,4.1,0.518,0.3,1.1,0.297,0.9,1.1,0.765,1.5,1.8,3.3,1.0,0.3,0.4,0.6,1.4,5.4,Oeste
1641713,GG Jackson,Memphis Grizzlies,77,21,22.0,4.1,9.9,0.413,1.7,4.9,0.352,1.9,2.5,0.746,1.0,2.7,3.7,1.1,0.5,0.4,1.2,1.2,11.8,Oeste
1629723,John Konchar,Memphis Grizzlies,307,57,17.2,1.6,3.4,0.469,0.6,1.8,0.361,0.4,0.5,0.727,1.0,3.0,4.0,1.4,0.8,0.4,0.5,1.2,4.2,Oeste
1631210,Jacob Toppin,Atlanta Hawks,26,0,4.3,0.5,1.2,0.452,0.2,0.5,0.429,0.1,0.1,1.0,0.2,0.6,0.8,0.3,0.1,0.0,0.2,0.2,1.4,Este
1630552,Jalen Johnson,Atlanta Hawks,184,94,23.6,4.4,8.7,0.504,0.8,2.5,0.323,1.4,1.9,0.712,1.0,5.3,6.3,2.6,0.9,0.6,1.4,1.8,11.0,Este
1631216,Caleb Houstan,Atlanta Hawks,168,23,14.4,1.3,3.4,0.391,1.1,2.9,0.372,0.3,0.4,0.836,0.5,1.1,1.5,0.6,0.3,0.1,0.3,1.1,4.1,Este
1630811,Keaton Wallace,Atlanta Hawks,31,5,16.2,2.1,5.2,0.401,0.9,2.6,0.329,0.4,0.4,1.0,0.2,1.4,1.6,2.6,0.9,0.3,1.1,1.3,5.4,Este
1642368,N'Faly Dante,Atlanta Hawks,4,0,12.5,2.5,3.3,0.769,0.0,0.0,0.0,1.0,1.3,0.8,1.5,3.8,5.3,0.5,0.3,1.3,0.5,2.3,6.0,Este
1628379,Luke Kennard,Atlanta Hawks,460,121,23.4,3.5,7.6,0.457,2.0,4.5,0.438,0.9,1.0,0.881,0.3,2.5,2.8,2.3,0.5,0.1,1.0,1.3,9.8,Este
1630700,Dyson Daniels,Atlanta Hawks,196,103,25.4,3.5,7.4,0.472,0.8,2.3,0.327,0.7,1.2,0.614,1.1,3.3,4.5,3.2,1.8,0.5,1.4,1.9,8.4,Este
1629638,Nickeil Alexander-Walker,Atlanta Hawks,381,68,20.8,3.1,7.5,0.414,1.5,4.1,0.36,0.9,1.2,0.743,0.4,2.1,2.5,2.3,0.7,0.4,1.2,1.6,8.6,Este
204001,Kristaps Porziņģis,Atlanta Hawks,501,500,30.7,6.9,14.9,0.461,1.9,5.2,0.366,4.0,4.8,0.829,1.7,6.0,7.8,1.8,0.7,1.8,1.7,3.0,19.6,Este
1642258,Zaccharie Risacher,Atlanta Hawks,75,73,24.6,4.8,10.4,0.458,1.6,4.6,0.355,1.4,2.0,0.711,1.1,2.4,3.6,1.2,0.7,0.5,1.2,2.0,12.6,Este
1629027,Trae Young,Atlanta Hawks,483,483,34.4,8.0,18.5,0.433,2.6,7.5,0.352,6.7,7.6,0.873,0.6,2.9,3.5,9.8,1.0,0.2,4.2,1.7,25.3,Este
1630168,Onyeka Okongwu,Atlanta Hawks,307,76,22.5,3.8,6.3,0.614,0.2,0.8,0.322,1.7,2.3,0.755,2.5,4.2,6.7,1.3,0.7,1.1,0.9,2.8,9.6,Este
1631243,Mouhamed Gueye,Atlanta Hawks,39,28,15.5,2.1,5.0,0.412,0.6,2.3,0.267,0.9,1.2,0.771,1.4,2.7,4.1,0.8,0.8,0.9,0.4,1.7,5.7,Este
1630249,Vít Krejčí,Atlanta Hawks,138,38,18.5,2.0,4.3,0.465,1.1,2.8,0.394,0.4,0.5,0.76,0.4,2.0,2.4,2.0,0.5,0.3,0.8,1.7,5.6,Este
1629646,Charles Bassey,Atlanta Hawks,113,3,11.1,1.9,3.0,0.631,0.0,0.1,0.231,0.5,0.8,0.648,1.6,2.7,4.3,0.8,0.4,0.9,0.8,1.7,4.3,Este
1628369,Jayson Tatum,Boston Celtics,585,585,34.5,8.2,17.8,0.459,2.6,7.1,0.37,4.5,5.4,0.84,0.9,6.5,7.3,3.8,1.1,0.7,2.4,2.1,23.6,Este
1629014,Anfernee Simons,Boston Celtics,389,213,26.8,5.3,12.3,0.431,2.5,6.5,0.381,1.9,2.1,0.88,0.3,2.2,2.5,3.3,0.5,0.1,1.6,1.8,15.0,Este
1627759,Jaylen Brown,Boston Celtics,603,496,30.6,7.1,14.9,0.478,1.9,5.3,0.359,2.8,3.9,0.726,1.0,4.3,5.3,2.6,1.0,0.4,2.1,2.5,19.0,Este
1631169,Josh Minott,Boston Celtics,93,0,5.0,0.8,1.7,0.488,0.2,0.6,0.339,0.4,0.4,0.902,0.2,0.7,1.0,0.3,0.3,0.2,0.2,0.6,2.3,Este
1631111,Wendell Moore Jr.,Boston Celtics,90,3,8.1,1.0,2.1,0.46,0.2,0.7,0.25,0.2,0.3,0.815,0.4,1.0,1.4,0.7,0.4,0.1,0.4,0.5,2.3,Este
1628401,Derrick White,Boston Celtics,494,378,28.5,4.5,10.0,0.448,1.9,5.2,0.369,2.1,2.4,0.852,0.6,3.1,3.7,4.2,0.8,0.9,1.4,2.1,13.0,Este
1631112,Kendall Brown,Boston Celtics,21,0,4.9,0.6,1.0,0.545,0.0,0.1,0.0,0.3,0.5,0.6,0.2,0.3,0.5,0.4,0.2,0.0,0.2,0.9,1.4,Este
1630202,Payton Pritchard,Boston Celtics,347,17,20.2,3.3,7.3,0.454,1.9,4.8,0.399,0.5,0.6,0.856,0.8,2.0,2.7,2.5,0.5,0.1,0.8,1.2,9.1,Este
1631199,Ron Harper Jr.,Boston Celtics,11,0,6.2,0.8,2.2,0.375,0.3,1.4,0.2,0.3,0.3,1.0,0.6,0.6,1.3,0.6,0.0,0.1,0.0,0.5,2.2,Este
1641779,Jalen Bridges,Boston Celtics,8,0,3.8,0.3,0.9,0.286,0.3,0.9,0.286,0.4,0.5,0.75,0.0,0.5,0.5,0.0,0.0,0.0,0.5,0.0,1.1,Este
1628449,Chris Boucher,Boston Celtics,407,23,17.7,3.2,6.5,0.488,0.9,2.7,0.339,1.7,2.1,0.779,1.7,3.4,5.1,0.5,0.5,0.9,0.5,1.9,8.9,Este
1630214,Xavier Tillman,Boston Celtics,260,60,16.0,2.3,4.4,0.509,0.2,0.9,0.252,0.6,1.0,0.577,1.3,2.5,3.8,1.2,0.8,0.5,0.7,1.4,5.3,Este
1641775,Jordan Walsh,Boston Celtics,61,2,8.0,0.6,1.6,0.367,0.3,1.0,0.266,0.1,0.2,0.571,0.5,1.0,1.5,0.4,0.3,0.2,0.3,0.7,1.6,Este
1630573,Sam Hauser,Boston Celtics,256,40,18.5,2.6,5.8,0.451,2.0,4.9,0.42,0.2,0.2,0.851,0.5,2.4,2.9,0.9,0.4,0.2,0.3,1.1,7.4,Este
1630568,Luka Garza,Boston Celtics,124,5,7.8,1.8,3.6,0.49,0.4,1.3,0.314,1.0,1.4,0.699,1.1,0.9,2.0,0.4,0.2,0.1,0.4,1.2,4.9,Este
1631248,Baylor Scheierman,Boston Celtics,31,2,12.4,1.3,3.5,0.355,0.8,2.6,0.317,0.3,0.4,0.75,0.6,1.5,2.1,1.1,0.5,0.1,0.4,0.7,3.6,Este
1629674,Neemias Queta,Boston Celtics,110,6,12.2,2.0,3.2,0.627,0.0,0.0,0.0,0.7,1.0,0.713,1.5,2.2,3.6,0.7,0.3,0.7,0.5,1.6,4.7,Este
1629622,Max Strus,Cleveland Cavaliers,309,156,25.5,3.7,8.6,0.427,2.3,6.2,0.368,0.8,1.0,0.812,0.6,2.8,3.4,2.4,0.6,0.2,1.0,1.9,10.4,Este
1628366,Lonzo Ball,Cleveland Cavaliers,287,253,31.2,4.2,10.6,0.398,2.3,6.4,0.362,0.7,1.1,0.599,1.0,4.5,5.5,5.8,1.5,0.6,2.4,2.1,11.4,Este
1628418,Thomas Bryant,Cleveland Cavaliers,333,146,17.8,3.5,6.1,0.582,0.5,1.5,0.346,1.3,1.7,0.778,1.4,3.7,5.1,1.0,0.3,0.7,0.7,1.6,8.9,Este
1630596,Evan Mobley,Cleveland Cavaliers,269,269,32.5,6.6,12.0,0.548,0.6,1.8,0.315,2.7,3.8,0.694,2.2,6.7,9.0,2.9,0.8,1.6,1.9,2.4,16.4,Este
1630241,Sam Merrill,Cleveland Cavaliers,173,7,16.3,2.2,5.4,0.405,1.8,4.7,0.386,0.4,0.4,0.925,0.4,1.5,1.9,1.4,0.5,0.1,0.4,1.3,6.5,Este
1630165,Killian Hayes,Cleveland Cavaliers,216,150,26.1,3.2,8.3,0.383,0.8,2.9,0.281,1.0,1.2,0.777,0.4,2.6,2.9,5.2,1.2,0.4,2.0,2.5,8.1,Este
1641854,Craig Porter Jr.,Cleveland Cavaliers,102,7,11.4,1.8,3.6,0.511,0.3,0.8,0.402,0.6,0.9,0.727,0.4,1.3,1.7,1.9,0.4,0.3,0.8,0.6,4.6,Este
1629636,Darius Garland,Cleveland Cavaliers,382,378,33.2,6.9,15.2,0.453,2.3,6.1,0.388,2.7,3.1,0.867,0.5,2.1,2.7,6.7,1.2,0.1,3.0,1.8,18.9,Este
1629631,De'Andre Hunter,Cleveland Cavaliers,327,246,30.0,5.2,11.5,0.452,1.8,4.8,0.373,2.6,3.2,0.819,0.6,3.4,4.1,1.5,0.7,0.3,1.4,2.7,14.8,Este
1642281,Jaylon Tyson,Cleveland Cavaliers,47,3,9.6,1.4,3.2,0.43,0.4,1.2,0.345,0.4,0.5,0.792,0.8,1.3,2.0,0.9,0.3,0.1,0.6,1.1,3.6,Este
1626204,Larry Nance Jr.,Cleveland Cavaliers,546,137,23.1,3.2,5.9,0.539,0.4,1.2,0.353,0.9,1.3,0.696,1.8,4.3,6.1,1.9,1.1,0.5,0.9,2.1,7.7,Este
1641772,Nae'Qwan Tomlin,Cleveland Cavaliers,5,1,12.6,2.6,6.4,0.406,0.4,2.0,0.2,1.6,2.2,0.727,1.8,2.4,4.2,0.4,0.0,0.2,0.4,1.8,7.2,Este
1628386,Jarrett Allen,Cleveland Cavaliers,568,503,28.2,5.1,8.0,0.641,0.0,0.2,0.164,2.5,3.6,0.712,2.9,6.4,9.2,1.7,0.7,1.2,1.4,2.0,12.8,Este
1629731,Dean Wade,Cleveland Cavaliers,283,122,19.5,1.8,4.3,0.428,1.2,3.2,0.368,0.4,0.5,0.678,0.6,2.9,3.5,1.0,0.6,0.3,0.4,1.6,5.2,Este
1631247,Luke Travers,Cleveland Cavaliers,12,0,7.3,0.4,1.7,0.25,0.0,0.8,0.0,0.2,0.2,1.0,0.7,1.0,1.7,0.7,0.1,0.1,0.7,0.5,1.0,Este
1628378,Donovan Mitchell,Cleveland Cavaliers,539,531,33.8,8.8,19.5,0.449,3.0,8.2,0.366,4.2,5.0,0.84,0.8,3.5,4.3,4.7,1.4,0.3,2.7,2.4,24.7,Este
1629632,Coby White,Chicago Bulls,422,225,29.8,5.4,12.5,0.433,2.3,6.3,0.369,2.0,2.4,0.865,0.4,3.3,3.6,3.8,0.7,0.2,1.8,2.1,15.2,Este
1630581,Josh Giddey,Chicago Bulls,280,279,29.3,5.7,12.3,0.464,1.1,3.5,0.33,1.6,2.0,0.764,1.7,5.8,7.5,6.1,0.9,0.5,2.7,1.7,14.1,Este
1628975,Jevon Carter,Chicago Bulls,412,49,15.2,1.9,4.8,0.394,1.1,3.0,0.379,0.3,0.3,0.799,0.3,1.4,1.7,1.6,0.6,0.2,0.6,1.2,5.2,Este
1631207,Dalen Terry,Chicago Bulls,170,7,11.1,1.3,2.9,0.445,0.4,1.2,0.298,0.5,0.8,0.662,0.5,1.1,1.6,1.2,0.5,0.2,0.5,1.3,3.5,Este
202696,Nikola Vučević,Chicago Bulls,972,908,31.4,7.3,14.7,0.497,0.9,2.7,0.348,1.6,2.1,0.77,2.5,8.0,10.5,2.9,0.8,0.9,1.7,2.4,17.2,Este
1630245,Ayo Dosunmu,Chicago Bulls,279,154,28.0,4.1,8.1,0.502,1.1,3.1,0.361,1.0,1.2,0.773,0.5,2.4,2.9,3.3,0.8,0.4,1.4,2.3,10.2,Este
1628380,Zach Collins,Chicago Bulls,378,83,18.9,3.0,6.3,0.482,0.6,1.9,0.331,1.3,1.6,0.767,1.5,3.3,4.8,1.8,0.4,0.7,1.4,2.5,8.0,Este
1628989,Kevin Huerter,Chicago Bulls,482,381,28.1,4.4,9.9,0.441,2.1,5.7,0.375,0.7,1.0,0.76,0.6,2.8,3.4,2.9,0.9,0.3,1.2,2.2,11.6,Este
1641824,Matas Buzelis,Chicago Bulls,80,31,18.9,3.2,6.9,0.454,1.2,3.3,0.361,1.1,1.4,0.815,0.7,2.8,3.5,1.0,0.4,0.9,0.9,1.6,8.6,Este
1641763,Julian Phillips,Chicago Bulls,119,5,12.1,1.3,3.1,0.44,0.5,1.6,0.325,0.6,0.8,0.768,0.7,1.1,1.7,0.4,0.4,0.2,0.3,1.2,3.8,Este
1631338,Mouhamadou Gueye,Chicago Bulls,11,0,10.8,1.0,3.5,0.289,0.0,0.3,0.0,0.4,0.8,0.444,1.1,1.0,2.1,0.5,0.3,1.6,1.1,1.4,2.4,Este
1642530,Yuki Kawamura,Chicago Bulls,22,0,4.2,0.5,1.4,0.367,0.3,1.0,0.304,0.3,0.4,0.778,0.0,0.5,0.5,0.9,0.1,0.0,0.2,0.4,1.6,Este
1641801,Emanuel Miller,Chicago Bulls,6,0,4.0,0.7,1.3,0.5,0.0,0.2,0.0,0.3,0.3,1.0,0.7,0.7,1.3,0.3,0.2,0.0,0.0,0.5,1.7,Este
1630188,Jalen Smith,Chicago Bulls,271,56,16.1,3.2,6.3,0.505,0.9,2.6,0.332,1.2,1.6,0.754,1.6,3.7,5.3,0.8,0.3,0.7,0.7,1.8,8.5,Este
1630200,Tre Jones,Chicago Bulls,297,134,21.7,3.3,6.7,0.488,0.5,1.5,0.311,1.3,1.6,0.839,0.6,2.2,2.8,4.7,0.9,0.1,1.1,1.1,8.4,Este
1630171,Isaac Okoro,Chicago Bulls,334,238,26.2,2.9,6.3,0.467,1.0,2.7,0.351,1.3,1.8,0.731,0.9,1.9,2.8,1.6,0.8,0.4,0.8,2.2,8.1,Este
1630172,Patrick Williams,Chicago Bulls,276,211,27.1,3.6,7.9,0.452,1.2,3.1,0.392,1.2,1.5,0.769,0.9,3.2,4.1,1.5,0.8,0.7,1.3,1.7,9.6,Este
1631323,Simone Fontecchio,Miami Heat,193,49,18.9,2.7,6.4,0.419,1.4,3.9,0.363,0.8,1.0,0.82,0.8,2.1,2.8,1.1,0.5,0.2,0.8,1.4,7.6,Este
1626179,Terry Rozier,Miami Heat,665,381,27.6,5.1,12.1,0.418,2.0,5.6,0.361,1.8,2.1,0.829,0.7,3.3,3.9,3.5,0.9,0.2,1.3,1.5,13.9,Este
1630173,Precious Achiuwa,Miami Heat,320,72,20.0,3.1,6.3,0.484,0.4,1.2,0.304,1.0,1.7,0.606,1.9,3.8,5.7,1.0,0.6,0.7,1.0,1.8,7.6,Este
1631107,Nikola Jović,Miami Heat,107,56,21.1,3.1,6.8,0.45,1.4,3.8,0.37,1.1,1.4,0.804,0.6,3.2,3.8,2.2,0.7,0.3,1.0,1.7,8.7,Este
1642276,Kel'el Ware,Miami Heat,64,36,22.2,4.0,7.3,0.554,0.5,1.7,0.315,0.7,1.0,0.687,1.8,5.6,7.4,0.9,0.6,1.1,0.9,1.7,9.3,Este
1641796,Pelle Larsson,Miami Heat,55,8,14.2,1.6,3.7,0.438,0.6,1.7,0.337,0.7,1.1,0.672,0.5,1.2,1.7,1.2,0.6,0.1,0.4,1.7,4.6,Este
1631170,Jaime Jaquez Jr.,Miami Heat,141,37,24.7,3.9,8.2,0.478,0.7,2.3,0.318,1.8,2.2,0.785,1.2,2.9,4.1,2.6,1.0,0.2,1.5,1.8,10.3,Este
1642443,Jahmir Young,Miami Heat,6,0,4.8,0.7,0.8,0.8,0.2,0.3,0.5,0.3,0.3,1.0,0.2,0.3,0.5,1.0,0.0,0.0,0.2,0.3,1.8,Este
1630696,Dru Smith,Miami Heat,38,2,14.7,1.7,3.7,0.46,0.7,1.7,0.424,0.4,0.4,0.824,0.5,1.4,1.9,1.6,1.1,0.3,0.7,1.7,4.5,Este
1628389,Bam Adebayo,Miami Heat,567,463,30.6,6.0,11.3,0.537,0.2,0.6,0.314,3.5,4.6,0.756,2.2,6.6,8.9,3.6,1.1,0.9,2.1,2.4,15.7,Este
1629639,Tyler Herro,Miami Heat,361,217,32.6,7.0,15.7,0.448,2.7,7.1,0.382,2.6,2.9,0.874,0.4,4.6,5.0,4.0,0.7,0.2,2.2,1.4,19.4,Este
1642352,Keshad Johnson,Miami Heat,16,0,6.1,1.1,1.6,0.692,0.2,0.4,0.429,0.3,0.6,0.444,0.4,1.4,1.8,0.3,0.3,0.3,0.3,0.7,2.7,Este
203952,Andrew Wiggins,Miami Heat,766,754,33.8,6.9,15.3,0.449,1.5,4.2,0.356,3.3,4.5,0.725,1.3,3.2,4.5,2.3,1.0,0.7,1.9,2.2,18.5,Este
1626181,Norman Powell,Miami Heat,617,259,24.2,4.6,9.8,0.471,1.7,4.3,0.398,2.3,2.8,0.824,0.4,2.3,2.7,1.5,0.8,0.3,1.3,1.9,13.2,Este
1630558,Davion Mitchell,Miami Heat,301,69,22.1,3.0,6.8,0.442,1.0,2.9,0.344,0.6,0.8,0.698,0.3,1.4,1.8,3.3,0.6,0.2,1.2,1.7,7.6,Este
1630579,Jericho Sims,Milwaukee Bucks,191,37,13.5,1.1,1.5,0.714,0.0,0.0,0.0,0.3,0.4,0.585,1.5,2.5,4.0,0.5,0.2,0.5,0.5,1.4,2.4,Este
1626167,Myles Turner,Milwaukee Bucks,642,609,28.7,5.2,10.4,0.499,1.2,3.3,0.362,2.5,3.2,0.771,1.4,5.4,6.8,1.3,0.7,2.2,1.4,2.9,14.1,Este
1629018,Gary Trent Jr.,Milwaukee Bucks,415,210,28.2,4.9,11.6,0.423,2.4,6.3,0.391,1.5,1.8,0.823,0.4,2.0,2.4,1.4,1.2,0.2,0.7,1.6,13.7,Este
1629645,Kevin Porter Jr.,Milwaukee Bucks,271,150,27.3,5.0,11.6,0.435,1.7,4.8,0.351,2.2,3.0,0.734,0.7,3.4,4.1,4.6,1.1,0.3,2.6,2.3,13.9,Este
1626171,Bobby Portis,Milwaukee Bucks,654,153,22.8,4.8,10.1,0.478,1.1,2.9,0.383,1.1,1.5,0.765,1.9,5.3,7.2,1.3,0.6,0.4,1.1,1.9,12.0,Este
203914,Gary Harris,Milwaukee Bucks,618,446,27.0,3.8,8.6,0.446,1.5,4.0,0.369,1.3,1.6,0.81,0.6,1.7,2.3,1.8,1.1,0.2,1.0,1.7,10.4,Este
1627752,Taurean Prince,Milwaukee Bucks,582,344,24.7,3.5,8.2,0.428,1.7,4.4,0.384,1.2,1.4,0.811,0.5,3.1,3.6,1.7,0.8,0.4,1.4,2.0,9.9,Este
1631157,Ryan Rollins,Milwaukee Bucks,81,19,11.8,1.9,3.9,0.481,0.7,1.6,0.414,0.7,0.8,0.809,0.3,1.3,1.6,1.5,0.7,0.3,1.0,1.3,5.1,Este
1631123,Jamaree Bouyea,Milwaukee Bucks,19,1,11.9,1.2,2.8,0.407,0.2,1.1,0.2,0.3,0.4,0.625,0.3,1.3,1.6,1.3,0.5,0.2,1.1,0.9,2.8,Este
1629599,Amir Coffey,Milwaukee Bucks,323,67,18.4,2.3,5.0,0.455,1.0,2.5,0.384,1.1,1.3,0.837,0.4,1.6,1.9,1.1,0.4,0.1,0.5,1.3,6.7,Este
1628398,Kyle Kuzma,Milwaukee Bucks,541,408,31.2,6.5,14.4,0.45,1.9,5.8,0.334,2.1,3.0,0.721,1.0,5.3,6.3,2.7,0.6,0.5,2.2,2.1,17.0,Este
1631260,AJ Green,Milwaukee Bucks,164,8,16.0,1.9,4.5,0.427,1.6,3.9,0.421,0.3,0.3,0.86,0.2,1.5,1.7,1.0,0.3,0.1,0.4,1.4,5.8,Este
1641890,Tyler Smith,Milwaukee Bucks,23,0,5.3,1.0,2.2,0.48,0.6,1.3,0.433,0.3,0.3,0.75,0.3,0.8,1.1,0.2,0.1,0.2,0.3,0.5,2.9,Este
1641753,Chris Livingston,Milwaukee Bucks,42,1,4.7,0.5,1.2,0.408,0.0,0.3,0.077,0.4,0.5,0.75,0.3,1.0,1.3,0.2,0.2,0.0,0.3,0.5,1.3,Este
203507,Giannis Antetokounmpo,Milwaukee Bucks,859,794,32.9,8.8,15.9,0.551,0.6,2.2,0.284,5.8,8.3,0.693,1.9,8.1,9.9,5.0,1.1,1.2,3.0,2.9,23.9,Este
1631250,Pete Nance,Milwaukee Bucks,21,1,7.9,0.7,1.8,0.395,0.5,1.2,0.4,0.0,0.2,0.25,0.2,0.9,1.1,0.5,0.1,0.1,0.2,0.9,2.0,Este
203648,Thanasis Antetokounmpo,Milwaukee Bucks,198,11,7.7,1.0,2.0,0.509,0.0,0.3,0.143,0.4,0.7,0.529,0.6,0.9,1.6,0.6,0.3,0.2,0.5,1.1,2.4,Este
1641748,Andre Jackson Jr.,Milwaukee Bucks,124,51,12.5,1.2,2.4,0.485,0.4,1.0,0.385,0.2,0.3,0.571,0.9,1.5,2.4,1.1,0.4,0.2,0.7,1.7,2.9,Este
1630175,Cole Anthony,Milwaukee Bucks,320,125,24.8,4.4,10.6,0.419,1.4,3.9,0.345,2.3,2.8,0.847,0.7,3.6,4.3,3.8,0.7,0.4,1.9,2.4,12.5,Este
1641727,Dariq Whitehead,Brooklyn Nets,22,0,12.3,1.8,4.6,0.396,1.5,3.5,0.429,0.2,0.3,0.571,0.2,1.3,1.5,0.7,0.3,0.1,0.7,1.0,5.3,Este
1630533,Ziaire Williams,Brooklyn Nets,213,95,21.1,3.0,7.1,0.421,1.2,3.9,0.316,1.0,1.3,0.811,0.6,2.5,3.2,1.2,0.7,0.3,1.0,1.9,8.3,Este
1629312,Haywood Highsmith,Brooklyn Nets,218,80,20.0,2.0,4.6,0.449,1.0,2.6,0.374,0.3,0.5,0.605,0.9,2.2,3.1,1.1,0.7,0.4,0.6,1.7,5.4,Este
1630604,E.J. Liddell,Brooklyn Nets,20,0,3.8,0.5,1.1,0.429,0.2,0.8,0.2,0.2,0.2,1.0,0.2,0.6,0.7,0.2,0.2,0.2,0.2,0.7,1.3,Este
1630623,Tyson Etienne,Brooklyn Nets,7,0,21.6,2.4,7.4,0.327,1.9,6.3,0.295,1.1,1.4,0.8,0.4,0.9,1.3,1.7,0.4,0.1,1.1,2.4,7.9,Este
1631213,Tyrese Martin,Brooklyn Nets,76,11,18.2,2.6,6.4,0.406,1.3,3.8,0.346,0.6,0.8,0.8,0.8,2.2,3.0,1.6,0.5,0.1,1.0,1.0,7.2,Este
1629611,Terance Mann,Brooklyn Nets,412,169,22.1,3.1,6.2,0.502,0.8,2.1,0.372,1.1,1.4,0.781,1.0,2.5,3.5,1.9,0.6,0.2,0.8,1.9,8.1,Este
1629008,Michael Porter Jr.,Brooklyn Nets,345,291,29.1,6.2,12.3,0.5,2.4,6.0,0.406,1.5,1.9,0.795,1.4,5.0,6.4,1.4,0.6,0.6,1.2,1.9,16.2,Este
1630549,Day'Ron Sharpe,Brooklyn Nets,191,14,14.5,2.7,4.9,0.55,0.1,0.4,0.295,1.0,1.5,0.648,2.6,3.1,5.6,1.2,0.5,0.7,1.1,2.1,6.5,Este
1641730,Noah Clowney,Brooklyn Nets,69,24,20.5,2.7,6.7,0.394,1.4,4.3,0.337,1.3,1.6,0.8,1.0,2.8,3.8,0.8,0.5,0.5,0.9,1.9,8.0,Este
1630592,Jalen Wilson,Brooklyn Nets,122,25,22.1,2.6,6.5,0.403,1.2,3.6,0.335,1.4,1.7,0.82,1.0,2.3,3.3,1.6,0.4,0.1,0.8,1.7,7.9,Este
1630560,Cam Thomas,Brooklyn Nets,215,80,23.2,5.3,12.1,0.439,1.4,4.2,0.345,3.1,3.6,0.86,0.3,2.3,2.6,2.1,0.5,0.2,1.4,1.4,15.1,Este
1631166,Drew Timme,Brooklyn Nets,9,2,28.1,5.0,11.3,0.441,1.0,3.9,0.257,1.1,1.8,0.625,1.9,5.3,7.2,2.2,0.4,0.1,1.7,2.3,12.1,Este
1629651,Nic Claxton,Brooklyn Nets,311,229,25.8,4.5,7.1,0.636,0.0,0.1,0.2,1.3,2.5,0.537,2.2,5.5,7.7,1.7,0.7,1.7,1.1,2.3,10.3,Este
1641723,Kobe Bufkin,Brooklyn Nets,27,0,11.8,1.9,5.1,0.374,0.5,2.2,0.22,0.6,1.0,0.654,0.4,1.6,2.0,1.6,0.4,0.3,0.7,1.1,5.0,Este
203903,Jordan Clarkson,New York Knicks,753,231,27.7,6.0,13.7,0.436,1.9,5.5,0.336,2.2,2.6,0.829,0.9,2.5,3.4,2.9,0.8,0.2,1.9,1.7,16.0,Este
1630540,Miles McBride,New York Knicks,236,28,17.2,2.3,5.6,0.405,1.2,3.3,0.36,0.6,0.7,0.78,0.4,1.1,1.5,1.8,0.7,0.1,0.4,1.4,6.3,Este
1628404,Josh Hart,New York Knicks,530,289,30.4,3.8,8.0,0.471,1.2,3.6,0.342,1.5,2.0,0.753,1.3,5.7,7.0,3.2,1.0,0.3,1.4,2.3,10.3,Este
1642359,Pacôme Dadiet,New York Knicks,18,0,6.2,0.6,1.7,0.323,0.3,1.1,0.316,0.2,0.3,0.667,0.2,0.8,1.0,0.3,0.2,0.1,0.2,0.4,1.7,Este
1627763,Malcolm Brogdon,New York Knicks,463,296,29.1,5.6,12.1,0.463,1.6,4.2,0.388,2.4,2.8,0.874,0.8,3.4,4.1,4.7,0.8,0.2,1.7,1.8,15.3,Este
1628384,OG Anunoby,New York Knicks,492,418,30.2,4.8,10.2,0.474,1.8,4.7,0.375,1.4,1.9,0.761,1.1,3.2,4.4,1.7,1.3,0.6,1.3,2.4,12.9,Este
1641755,Kevin McCullar Jr.,New York Knicks,4,0,7.3,0.5,1.8,0.286,0.0,0.3,0.0,0.5,0.5,1.0,0.0,2.0,2.0,0.5,0.3,0.3,0.0,1.5,1.5,Este
1628973,Jalen Brunson,New York Knicks,487,337,29.2,6.7,13.6,0.489,1.6,4.1,0.389,3.2,3.9,0.823,0.5,2.7,3.2,5.0,0.7,0.1,1.7,1.8,18.1,Este
1642278,Tyler Kolek,New York Knicks,41,0,7.2,0.7,2.0,0.329,0.3,1.1,0.298,0.3,0.4,0.765,0.2,0.5,0.7,1.7,0.3,0.1,0.4,0.6,2.0,Este
1629726,Garrison Mathews,New York Knicks,314,64,17.5,1.9,4.6,0.405,1.5,3.9,0.382,1.3,1.5,0.838,0.3,1.5,1.8,0.7,0.5,0.2,0.4,1.8,6.5,Este
1641787,Tosan Evbuomwan,New York Knicks,45,8,22.9,2.9,6.5,0.447,0.8,2.4,0.33,1.6,2.2,0.735,1.1,2.9,4.0,1.6,0.7,0.3,1.1,1.7,8.2,Este
203458,Alex Len,New York Knicks,690,244,17.0,2.6,5.1,0.51,0.2,0.5,0.322,1.4,2.0,0.678,1.7,3.5,5.3,0.9,0.4,0.9,1.1,2.3,6.7,Este
1629011,Mitchell Robinson,New York Knicks,337,199,24.1,3.4,4.8,0.7,0.0,0.0,0.0,1.1,2.1,0.522,3.7,4.2,7.8,0.6,0.9,1.8,0.7,2.8,7.8,Este
1628969,Mikal Bridges,New York Knicks,556,489,33.3,5.5,11.4,0.484,1.8,4.7,0.371,2.0,2.4,0.843,0.9,3.1,4.0,2.7,1.2,0.6,1.2,1.9,14.8,Este
1627824,Guerschon Yabusele,New York Knicks,144,48,16.5,2.4,4.9,0.489,0.9,2.4,0.369,0.9,1.3,0.714,1.2,2.3,3.5,1.2,0.5,0.3,0.8,1.5,6.5,Este
1626157,Karl-Anthony Towns,New York Knicks,645,645,34.1,8.5,16.2,0.524,1.7,4.3,0.4,4.4,5.3,0.837,2.8,8.3,11.1,3.2,0.8,1.2,2.7,3.4,23.1,Este
1630346,Matt Ryan,New York Knicks,82,1,9.4,1.2,3.1,0.389,1.0,2.4,0.402,0.3,0.3,0.893,0.1,0.8,0.9,0.5,0.2,0.0,0.4,0.7,3.7,Este
1629013,Landry Shamet,New York Knicks,398,97,21.1,2.8,6.8,0.413,1.8,4.7,0.385,0.9,1.1,0.833,0.2,1.4,1.7,1.5,0.5,0.1,0.7,1.7,8.3,Este
1641998,Trey Jemison III,New York Knicks,63,14,15.3,1.8,3.3,0.552,0.0,0.0,0.0,0.5,0.9,0.586,1.7,2.1,3.8,0.7,0.3,0.7,0.9,2.2,4.2,Este
1630574,Ariel Hukporti,New York Knicks,25,1,8.7,0.8,1.2,0.677,0.0,0.0,0.0,0.2,0.5,0.462,0.6,1.5,2.0,0.4,0.0,0.6,0.8,1.3,1.9,Este
1641710,Anthony Black,Orlando Magic,147,43,20.8,2.6,5.9,0.435,0.7,2.0,0.343,1.4,1.9,0.718,0.6,1.9,2.5,2.3,0.8,0.5,1.3,1.9,7.2,Este
1628371,Jonathan Isaac,Orlando Magic,276,109,20.4,2.8,6.3,0.443,0.8,2.5,0.323,1.2,1.6,0.749,1.4,3.5,4.9,0.8,1.0,1.3,0.8,1.6,7.6,Este
1626145,Tyus Jones,Orlando Magic,682,218,21.1,3.0,6.7,0.445,1.0,2.7,0.378,0.7,0.9,0.821,0.3,1.7,2.0,4.4,1.0,0.1,0.8,0.8,7.7,Este
1630217,Desmond Bane,Orlando Magic,313,261,29.6,6.5,13.8,0.472,2.6,6.3,0.41,2.2,2.5,0.883,0.7,3.9,4.6,3.8,1.0,0.4,1.8,2.4,17.8,Este
1630591,Jalen Suggs,Orlando Magic,211,174,26.4,4.3,10.4,0.419,1.6,4.9,0.329,2.0,2.6,0.779,0.7,2.6,3.3,3.3,1.3,0.6,2.2,2.7,12.3,Este
1631094,Paolo Banchero,Orlando Magic,198,198,34.4,7.7,17.4,0.445,1.5,4.6,0.32,5.4,7.5,0.73,1.1,6.0,7.1,4.6,0.8,0.6,2.9,2.1,22.4,Este
1631288,Jamal Cain,Orlando Magic,81,1,12.3,1.7,3.7,0.459,0.5,1.6,0.336,0.9,1.2,0.726,0.7,1.4,2.1,0.5,0.5,0.2,0.4,1.1,4.8,Este
1641724,Jett Howard,Orlando Magic,78,0,9.8,1.4,3.7,0.37,0.8,2.7,0.294,0.2,0.3,0.667,0.3,0.7,1.0,0.6,0.2,0.2,0.5,0.9,3.8,Este
1630658,Colin Castleton,Orlando Magic,42,4,11.7,1.3,2.7,0.482,0.0,0.4,0.125,0.8,1.0,0.795,1.4,1.8,3.2,0.7,0.2,0.2,0.6,1.5,3.5,Este
1630622,Jalen Crutcher,Orlando Magic,1,0,2.0,0.0,1.0,0.0,0.0,0.0,0.0,0.0,0.0,0.0,0.0,0.0,0.0,0.0,0.0,0.0,0.0,0.0,0.0,Este
1629021,Moritz Wagner,Orlando Magic,363,57,16.7,3.3,6.2,0.525,0.7,2.2,0.324,1.9,2.4,0.807,1.0,2.9,4.0,1.2,0.5,0.3,1.2,2.2,9.2,Este
1631115,Orlando Robinson,Orlando Magic,111,16,13.5,1.8,3.8,0.472,0.2,0.7,0.342,0.9,1.1,0.754,1.5,2.4,3.9,1.2,0.3,0.3,0.7,1.7,4.7,Este
1630532,Franz Wagner,Orlando Magic,291,291,32.3,7.1,14.9,0.474,1.5,4.5,0.322,3.4,4.0,0.856,1.0,3.9,4.8,3.7,1.0,0.3,1.9,2.3,19.1,Este
1641783,Tristan da Silva,Orlando Magic,74,38,22.0,2.7,6.5,0.412,1.1,3.2,0.335,0.7,0.9,0.873,1.0,2.3,3.3,1.5,0.4,0.2,0.8,1.3,7.2,Este
1631311,Lester Quinones,Orlando Magic,54,0,11.0,1.6,4.1,0.397,0.9,2.5,0.346,0.6,0.9,0.729,0.5,1.3,1.7,1.1,0.2,0.1,0.7,1.1,4.8,Este
1641736,Reece Beekman,Orlando Magic,36,4,13.0,1.0,3.0,0.327,0.2,1.1,0.175,0.4,0.6,0.762,0.4,0.7,1.1,1.8,0.9,0.1,0.6,1.0,2.6,Este
1628976,Wendell Carter Jr.,Orlando Magic,383,345,27.3,4.5,8.8,0.509,0.7,2.3,0.316,2.2,3.0,0.729,2.3,6.0,8.3,2.0,0.6,0.7,1.5,2.9,11.9,Este
1629048,Goga Bitadze,Orlando Magic,319,97,14.4,2.2,4.0,0.541,0.2,0.8,0.23,0.9,1.4,0.662,1.6,2.6,4.1,1.2,0.4,1.1,0.7,1.8,5.4,Este
1630169,Tyrese Haliburton,Indiana Pacers,333,294,33.0,6.3,13.3,0.477,2.6,6.6,0.392,2.3,2.7,0.855,0.6,3.0,3.7,8.8,1.5,0.6,2.1,1.3,17.5,Este
1631097,Bennedict Mathurin,Indiana Pacers,209,85,28.3,5.3,11.8,0.446,1.3,3.9,0.342,4.0,4.8,0.828,1.1,3.4,4.5,1.8,0.6,0.2,1.8,2.1,15.9,Este
1630167,Obi Toppin,Indiana Pacers,362,47,17.2,3.3,6.3,0.523,1.0,2.9,0.355,0.9,1.1,0.771,0.7,2.7,3.4,1.2,0.4,0.4,0.7,1.3,8.5,Este
1626166,Cameron Payne,Indiana Pacers,477,71,17.5,2.9,7.0,0.419,1.1,3.1,0.368,0.7,0.9,0.836,0.3,1.7,2.0,3.2,0.6,0.2,1.1,1.7,7.8,Este
1629614,Andrew Nembhard,Indiana Pacers,208,175,27.2,3.8,8.2,0.464,1.0,2.9,0.335,1.0,1.2,0.795,0.5,2.2,2.7,4.6,1.0,0.1,1.6,2.3,9.6,Este
1641716,Jarace Walker,Indiana Pacers,108,5,14.1,2.0,4.4,0.457,0.9,2.2,0.404,0.5,0.7,0.692,0.3,2.4,2.7,1.4,0.6,0.3,0.9,1.3,5.4,Este
204456,T.J. McConnell,Indiana Pacers,706,97,21.1,3.4,6.6,0.516,0.2,0.7,0.345,0.6,0.7,0.778,0.5,2.4,2.9,5.0,1.2,0.2,1.6,1.4,7.6,Este
1642484,RayJ Dennis,Indiana Pacers,11,0,6.4,1.0,3.0,0.333,0.5,1.9,0.286,0.2,0.2,1.0,0.2,0.9,1.1,1.3,0.6,0.2,0.5,0.6,2.7,Este
1630164,James Wiseman,Indiana Pacers,148,55,18.9,3.8,6.9,0.56,0.1,0.4,0.262,1.3,1.9,0.683,1.6,4.0,5.6,0.7,0.2,0.7,1.2,2.5,9.1,Este
1642277,Johnny Furphy,Indiana Pacers,50,0,7.6,0.7,1.8,0.38,0.3,1.0,0.3,0.4,0.4,0.818,0.5,1.0,1.4,0.4,0.4,0.2,0.2,0.8,2.1,Este
1628396,Tony Bradley,Indiana Pacers,193,18,10.9,1.9,3.1,0.632,0.0,0.1,0.467,0.5,0.7,0.667,1.5,2.5,4.0,0.5,0.2,0.6,0.5,1.3,4.4,Este
1641771,Jalen Slawson,Indiana Pacers,12,0,3.0,0.3,0.5,0.667,0.0,0.2,0.0,0.0,0.0,0.0,0.1,0.5,0.6,0.2,0.1,0.1,0.2,0.7,0.7,Este
1630543,Isaiah Jackson,Indiana Pacers,164,31,14.9,2.8,4.8,0.595,0.0,0.2,0.206,1.4,2.1,0.671,1.7,2.6,4.3,0.7,0.6,1.3,0.8,2.4,7.1,Este
1630174,Aaron Nesmith,Indiana Pacers,288,148,21.4,3.2,6.8,0.463,1.4,3.7,0.385,1.2,1.4,0.828,0.7,2.6,3.3,1.1,0.7,0.4,0.8,2.6,8.9,Este
1641767,Ben Sheppard,Indiana Pacers,120,10,17.0,1.8,4.3,0.407,1.0,3.0,0.33,0.4,0.4,0.887,0.5,1.7,2.2,1.2,0.6,0.1,0.3,1.8,4.9,Este
1631245,Quenton Jackson,Indiana Pacers,40,7,13.2,1.9,4.1,0.467,0.4,1.3,0.308,1.3,1.6,0.781,0.4,1.0,1.4,1.8,0.7,0.2,0.5,1.4,5.5,Este
1630643,Jay Huff,Indiana Pacers,95,2,9.6,1.9,3.7,0.52,0.9,2.3,0.404,0.6,0.8,0.824,0.4,1.3,1.7,0.5,0.2,0.7,0.4,1.1,5.4,Este
1627783,Pascal Siakam,Indiana Pacers,629,535,31.2,6.9,13.8,0.499,1.1,3.2,0.339,3.1,4.1,0.763,1.5,5.1,6.7,3.6,0.9,0.6,1.8,2.7,18.0,Este
1630178,Tyrese Maxey,Philadelphia 76ers,318,245,32.0,7.0,15.2,0.461,2.2,5.7,0.381,3.3,3.8,0.866,0.3,2.6,3.0,4.4,0.9,0.3,1.4,2.0,19.5,Este
203083,Andre Drummond,Philadelphia 76ers,904,663,26.8,5.2,9.7,0.542,0.0,0.2,0.129,2.0,4.1,0.486,4.2,8.0,12.1,1.2,1.3,1.3,1.8,2.9,12.5,Este
1631113,Kennedy Chandler,Philadelphia 76ers,36,0,7.8,1.0,2.3,0.422,0.1,0.4,0.133,0.2,0.4,0.462,0.3,0.8,1.1,1.6,0.3,0.1,0.5,0.4,2.2,Este
1629656,Quentin Grimes,Philadelphia 76ers,243,127,24.5,3.6,8.2,0.444,1.9,5.2,0.375,1.2,1.5,0.763,0.6,2.5,3.1,2.0,0.8,0.3,1.1,1.9,10.4,Este
200768,Kyle Lowry,Philadelphia 76ers,1173,898,31.3,4.5,10.6,0.423,1.9,5.1,0.368,3.1,3.8,0.815,0.8,3.5,4.2,6.1,1.3,0.3,2.2,2.7,13.9,Este
202331,Paul George,Philadelphia 76ers,908,860,33.6,7.0,16.0,0.44,2.6,6.7,0.383,3.9,4.6,0.853,0.8,5.4,6.3,3.7,1.7,0.4,2.7,2.7,20.6,Este
1626162,Kelly Oubre Jr.,Philadelphia 76ers,655,311,27.1,4.8,11.0,0.438,1.5,4.6,0.325,2.1,2.8,0.751,1.1,3.6,4.6,1.1,1.0,0.5,1.1,2.6,13.3,Este
1642348,Justin Edwards,Philadelphia 76ers,44,26,26.2,3.9,8.6,0.455,1.6,4.3,0.363,0.7,1.0,0.696,1.0,2.3,3.4,1.6,1.0,0.4,1.1,2.2,10.1,Este
1630570,Trendon Watford,Philadelphia 76ers,217,30,17.6,3.0,5.8,0.52,0.4,1.2,0.349,1.4,1.9,0.758,0.9,2.8,3.6,1.9,0.5,0.3,1.2,2.0,7.9,Este
1642272,Jared McCain,Philadelphia 76ers,23,8,25.7,5.5,11.9,0.46,2.2,5.8,0.383,2.1,2.4,0.875,0.6,1.9,2.4,2.6,0.7,0.0,1.6,1.6,15.3,Este
1641734,Emoni Bates,Philadelphia 76ers,25,0,8.3,1.1,3.5,0.322,0.8,2.5,0.333,0.0,0.2,0.25,0.0,0.8,0.8,0.7,0.1,0.1,0.4,0.4,3.1,Este
203954,Joel Embiid,Philadelphia 76ers,452,452,31.9,9.1,18.2,0.501,1.2,3.5,0.339,8.3,10.0,0.828,2.2,8.8,11.0,3.7,0.9,1.6,3.4,3.0,27.7,Este
201569,Eric Gordon,Philadelphia 76ers,925,665,31.2,5.2,12.1,0.43,2.3,6.1,0.372,2.6,3.2,0.81,0.4,1.9,2.3,2.7,0.8,0.4,1.8,1.7,15.3,Este
1631230,Dominick Barlow,Philadelphia 76ers,96,5,12.5,1.7,3.3,0.519,0.1,0.4,0.25,0.7,1.0,0.68,1.3,1.8,3.1,0.8,0.3,0.5,0.3,1.6,4.2,Este
1641737,Adem Bona,Philadelphia 76ers,58,11,15.6,2.3,3.3,0.703,0.0,0.0,0.0,1.2,1.7,0.67,1.6,2.6,4.2,0.5,0.4,1.2,1.1,2.2,5.8,Este
1630792,Malcolm Hill,Philadelphia 76ers,24,0,9.2,1.1,2.3,0.464,0.6,1.6,0.359,0.5,0.6,0.786,0.5,1.1,1.6,0.3,0.3,0.1,0.1,1.0,3.2,Este
1631133,Jabari Walker,Philadelphia 76ers,188,24,16.3,2.3,5.0,0.465,0.5,1.4,0.318,1.1,1.5,0.739,1.4,3.1,4.5,0.8,0.5,0.2,0.7,1.8,6.2,Este
1630639,A.J. Lawson,Toronto Raptors,83,2,10.9,1.9,4.3,0.439,0.7,2.1,0.318,0.7,1.1,0.638,0.5,1.4,1.9,0.6,0.3,0.1,0.4,0.9,5.2,Este
1641711,Gradey Dick,Toronto Raptors,114,71,25.0,4.0,9.6,0.416,1.8,5.0,0.356,1.6,1.8,0.859,0.6,2.2,2.9,1.5,0.7,0.1,1.2,1.8,11.3,Este
1642367,Jonathan Mogbo,Toronto Raptors,63,18,20.4,2.5,5.7,0.438,0.3,1.1,0.243,1.0,1.3,0.732,1.7,3.2,4.9,2.3,0.9,0.5,1.1,2.2,6.2,Este
1627742,Brandon Ingram,Toronto Raptors,495,456,33.0,7.1,15.2,0.468,1.4,3.8,0.363,3.9,4.9,0.788,0.7,4.5,5.2,4.3,0.7,0.6,2.6,2.4,19.5,Este
1630567,Scottie Barnes,Toronto Raptors,276,275,34.5,6.7,14.3,0.466,1.1,3.6,0.3,2.8,3.7,0.761,2.3,5.2,7.5,5.0,1.2,1.0,2.3,2.1,17.2,Este
1630193,Immanuel Quickley,Toronto Raptors,324,98,25.6,4.6,11.0,0.421,2.1,5.6,0.375,2.6,3.1,0.858,0.5,2.9,3.4,3.7,0.7,0.1,1.3,1.9,14.0,Este
1631197,Jared Rhoden,Toronto Raptors,45,2,14.9,2.0,4.4,0.467,0.6,2.0,0.322,0.7,0.9,0.846,0.6,1.9,2.5,0.8,0.4,0.4,0.4,1.6,5.5,Este
1629628,RJ Barrett,Toronto Raptors,387,386,33.1,6.9,15.6,0.441,1.7,4.8,0.346,3.5,5.0,0.697,0.9,4.6,5.6,3.3,0.7,0.3,2.2,2.3,18.8,Este
1642266,Ja'Kobe Walter,Toronto Raptors,52,18,21.2,3.1,7.6,0.405,1.3,3.6,0.349,1.3,1.6,0.795,1.1,1.9,3.1,1.6,0.8,0.2,1.0,1.8,8.6,Este
202066,Garrett Temple,Toronto Raptors,771,289,20.1,2.1,5.3,0.4,0.9,2.7,0.342,0.8,1.0,0.745,0.4,1.8,2.2,1.6,0.8,0.3,0.9,1.8,5.9,Este
1627751,Jakob Poeltl,Toronto Raptors,595,341,22.4,3.9,6.3,0.631,0.0,0.0,0.429,1.0,1.9,0.555,2.7,4.3,7.0,1.8,0.6,1.3,1.2,2.5,8.9,Este
1642279,Ulrich Chomche,Toronto Raptors,7,0,4.6,0.3,0.7,0.4,0.0,0.0,0.0,0.1,0.3,0.5,0.6,0.6,1.1,0.3,0.0,0.1,0.3,0.7,0.7,Este
1642347,Jamal Shead,Toronto Raptors,75,11,19.5,2.7,6.7,0.405,1.0,3.0,0.323,0.7,0.9,0.768,0.4,1.1,1.5,4.2,0.8,0.1,1.6,2.1,7.1,Este
1630846,Olivier Sarr,Toronto Raptors,46,3,13.7,1.8,3.3,0.56,0.3,0.9,0.372,0.8,1.1,0.765,1.2,2.3,3.5,0.5,0.2,0.6,0.6,1.9,4.8,Este
1630534,Ochai Agbaji,Toronto Raptors,201,95,22.8,3.0,6.7,0.45,1.2,3.4,0.353,0.6,0.9,0.734,0.9,2.0,2.9,1.2,0.6,0.4,0.8,1.7,7.9,Este
1631223,David Roddy,Toronto Raptors,168,20,16.9,2.4,5.7,0.421,0.8,2.6,0.302,0.6,0.9,0.679,0.7,2.2,2.9,1.0,0.4,0.2,0.8,1.2,6.2,Este
1630572,Sandro Mamukelashvili,Toronto Raptors,191,15,11.5,1.9,4.1,0.471,0.7,2.0,0.348,0.7,0.9,0.731,1.1,2.0,3.1,0.9,0.3,0.3,0.5,0.9,5.2,Este
1642419,Jamison Battle,Toronto Raptors,59,10,17.6,2.5,5.9,0.429,1.8,4.4,0.405,0.3,0.3,0.889,0.6,2.1,2.7,0.9,0.3,0.2,0.5,1.6,7.1,Este
1630536,Sharife Cooper,Washington Wizards,13,0,2.9,0.2,1.1,0.214,0.1,0.5,0.167,0.0,0.0,0.0,0.0,0.4,0.4,0.4,0.0,0.0,0.4,0.1,0.5,Este
1641731,Bilal Coulibaly,Washington Wizards,122,74,30.0,3.7,8.7,0.427,1.0,3.4,0.311,1.9,2.6,0.728,1.2,3.3,4.5,2.5,1.1,0.7,1.7,2.3,10.3,Este
1641774,Tristan Vukcevic,Washington Wizards,45,5,14.8,3.3,6.9,0.482,1.1,3.1,0.348,1.5,2.0,0.775,0.7,3.0,3.7,1.2,0.4,0.7,1.2,1.9,9.2,Este
1641715,Cam Whitmore,Washington Wizards,98,5,17.4,4.0,8.9,0.449,1.5,4.1,0.357,1.3,1.9,0.707,0.8,2.6,3.4,0.8,0.6,0.3,0.9,1.1,10.8,Este
203468,CJ McCollum,Washington Wizards,787,690,32.1,7.5,16.5,0.453,2.5,6.4,0.397,2.1,2.7,0.799,0.6,3.0,3.6,3.8,0.9,0.4,1.8,2.1,19.6,Este
1642358,AJ Johnson,Washington Wizards,29,11,22.0,2.8,7.3,0.385,0.8,3.1,0.267,1.1,1.3,0.865,0.3,1.8,2.0,2.6,0.4,0.1,1.2,1.7,7.6,Este
1627746,Skal Labissiere,Washington Wizards,152,43,17.2,2.8,5.8,0.492,0.2,0.6,0.36,1.2,1.6,0.748,1.5,2.9,4.4,1.0,0.3,0.7,1.0,2.1,7.1,Este
1642267,Bub Carrington,Washington Wizards,82,57,30.0,3.7,9.1,0.401,1.7,5.0,0.339,0.8,1.0,0.812,0.4,3.8,4.2,4.4,0.7,0.3,1.7,2.3,9.8,Este
1631103,Malaki Branham,Washington Wizards,188,61,19.0,3.3,7.6,0.439,1.1,3.2,0.336,0.7,0.9,0.843,0.3,1.7,2.0,1.7,0.4,0.1,1.1,1.3,8.5,Este
1630551,Justin Champagnie,Washington Wizards,118,32,16.0,2.4,4.8,0.487,0.8,2.3,0.362,0.6,0.8,0.732,1.4,2.7,4.1,0.8,0.7,0.4,0.6,1.3,6.1,Este
1641778,Leaky Black,Washington Wizards,26,3,10.9,1.0,2.0,0.481,0.3,0.8,0.45,0.4,0.6,0.667,0.3,1.5,1.8,0.9,0.3,0.4,0.2,0.7,2.7,Este
1630264,Anthony Gill,Washington Wizards,230,15,9.4,1.2,2.4,0.512,0.2,0.7,0.298,0.7,1.0,0.751,0.6,1.1,1.7,0.5,0.2,0.2,0.3,1.0,3.4,Este
1642273,Kyshawn George,Washington Wizards,68,38,26.5,3.0,8.0,0.372,1.7,5.2,0.322,1.0,1.4,0.753,0.7,3.5,4.2,2.5,1.0,0.7,1.4,3.0,8.7,Este
1642259,Alex Sarr,Washington Wizards,67,67,27.1,4.9,12.4,0.394,1.6,5.1,0.308,1.7,2.5,0.679,1.9,4.6,6.5,2.4,0.7,1.5,1.7,2.2,13.0,Este
203114,Khris Middleton,Washington Wizards,776,671,30.7,6.0,13.1,0.46,1.8,4.7,0.387,2.7,3.1,0.878,0.6,4.1,4.8,4.0,1.2,0.2,2.1,2.5,16.6,Este
1630557,Corey Kispert,Washington Wizards,292,103,25.9,4.0,8.4,0.474,2.0,5.2,0.382,1.1,1.4,0.805,0.5,2.3,2.8,1.5,0.5,0.2,0.9,1.5,11.1,Este
1641794,Dillon Jones,Washington Wizards,54,3,10.2,0.9,2.5,0.383,0.3,1.2,0.254,0.3,0.5,0.607,0.6,1.7,2.2,1.1,0.3,0.1,0.5,1.0,2.5,Este
1628963,Marvin Bagley III,Washington Wizards,289,129,22.4,4.9,9.4,0.518,0.4,1.5,0.29,1.9,2.8,0.69,2.3,4.2,6.5,0.9,0.4,0.6,1.1,1.9,12.0,Este
1631105,Jalen Duren,Detroit Pistons,206,169,26.6,4.8,7.3,0.653,0.0,0.0,0.0,1.9,2.8,0.691,3.4,6.9,10.2,2.1,0.6,0.9,1.7,3.0,11.5,Este
1641732,Colby Jones,Detroit Pistons,69,0,10.2,1.3,2.9,0.435,0.3,1.0,0.254,0.4,0.7,0.63,0.6,1.3,1.8,0.9,0.5,0.3,0.5,1.0,3.2,Este
1630595,Cade Cunningham,Detroit Pistons,208,208,33.7,8.3,18.6,0.446,1.9,5.7,0.339,3.5,4.1,0.853,0.8,4.6,5.4,7.4,1.0,0.6,3.8,2.8,22.1,Este
1641842,Ronald Holland II,Detroit Pistons,81,2,15.6,2.4,5.1,0.474,0.4,1.9,0.238,1.1,1.5,0.754,0.5,2.2,2.7,1.0,0.6,0.2,0.9,1.7,6.4,Este
1630194,Paul Reed,Detroit Pistons,260,28,12.5,2.1,3.9,0.548,0.1,0.4,0.305,0.5,0.8,0.705,1.6,2.3,3.9,0.8,0.8,0.7,0.6,1.9,4.9,Este
1627747,Caris LeVert,Detroit Pistons,524,223,27.8,5.1,11.8,0.437,1.5,4.3,0.345,2.1,2.9,0.736,0.7,3.1,3.8,4.0,1.0,0.4,1.8,2.0,13.9,Este
1629750,Javonte Green,Detroit Pistons,263,74,16.8,2.0,3.9,0.509,0.5,1.4,0.338,0.9,1.2,0.747,0.9,2.2,3.1,0.7,0.8,0.4,0.5,1.5,5.3,Este
1641709,Ausar Thompson,Detroit Pistons,122,86,23.9,3.9,7.7,0.509,0.3,1.3,0.198,1.3,2.1,0.621,2.0,3.8,5.8,2.1,1.4,0.8,1.3,2.8,9.4,Este
202699,Tobias Harris,Detroit Pistons,970,850,31.7,6.2,12.9,0.478,1.3,3.7,0.366,2.4,2.9,0.836,1.0,5.2,6.2,2.4,0.8,0.6,1.4,2.0,16.1,Este
1631093,Jaden Ivey,Detroit Pistons,181,164,29.9,5.6,13.1,0.429,1.7,4.8,0.352,3.2,4.3,0.746,1.1,2.6,3.7,4.4,0.8,0.4,2.9,2.8,16.1,Este
1642450,Daniss Jenkins,Detroit Pistons,7,0,3.1,0.4,1.4,0.3,0.1,1.0,0.143,0.0,0.3,0.0,0.0,0.3,0.3,0.4,0.0,0.0,0.1,0.3,1.0,Este
1631204,Marcus Sasser,Detroit Pistons,128,12,16.9,2.8,6.3,0.441,1.2,3.1,0.378,0.8,0.9,0.863,0.2,1.3,1.5,2.9,0.6,0.1,1.1,1.4,7.5,Este
1630191,Isaiah Stewart,Detroit Pistons,307,181,24.6,3.4,6.6,0.507,0.6,1.8,0.345,1.2,1.7,0.733,2.3,4.8,7.1,1.3,0.4,1.1,1.2,2.6,8.6,Este
1641752,Bobi Klintman,Detroit Pistons,8,0,5.3,0.8,1.3,0.6,0.3,0.6,0.4,0.1,0.3,0.5,0.1,0.8,0.9,0.9,0.3,0.1,0.1,1.0,1.9,Este
1642449,Tolu Smith,Detroit Pistons,1,0,22.0,6.0,9.0,0.667,0.0,0.0,0.0,2.0,3.0,0.667,4.0,4.0,8.0,0.0,0.0,0.0,2.0,3.0,14.0,Este
1629130,Duncan Robinson,Detroit Pistons,423,283,26.0,3.8,8.9,0.434,2.8,7.2,0.397,0.8,0.9,0.874,0.2,2.4,2.6,1.8,0.5,0.2,1.0,2.3,11.3,Este
1628970,Miles Bridges,Charlotte Hornets,424,319,30.8,5.9,12.7,0.462,1.7,5.1,0.34,2.2,2.6,0.826,1.1,5.1,6.2,2.7,0.8,0.7,1.6,1.9,15.7,Este
1630163,LaMelo Ball,Charlotte Hornets,231,211,31.9,7.4,17.6,0.421,3.1,8.4,0.365,3.1,3.7,0.837,1.3,4.7,6.0,7.4,1.5,0.3,3.3,3.1,21.0,Este
1629684,Grant Williams,Charlotte Hornets,380,108,22.9,2.5,5.5,0.452,1.2,3.1,0.377,1.0,1.3,0.774,1.0,2.7,3.7,1.5,0.5,0.5,1.0,2.6,7.2,Este
1629012,Collin Sexton,Charlotte Hornets,407,335,29.9,6.8,14.5,0.47,1.5,3.9,0.387,3.6,4.3,0.838,0.9,1.9,2.8,3.7,0.8,0.1,2.3,2.3,18.8,Este
1630182,Josh Green,Charlotte Hornets,291,129,22.0,2.5,5.2,0.482,0.9,2.4,0.38,0.7,1.0,0.687,0.8,1.9,2.7,1.5,0.8,0.2,0.9,2.0,6.7,Este
1641810,Antonio Reeves,Charlotte Hornets,44,6,15.0,2.6,5.6,0.456,1.2,2.9,0.395,0.6,0.8,0.8,0.4,1.0,1.4,0.9,0.5,0.1,0.7,0.9,6.9,Este
1641809,Drew Peterson,Charlotte Hornets,28,1,7.4,0.8,1.7,0.447,0.6,1.4,0.421,0.3,0.3,0.778,0.3,1.1,1.5,0.5,0.3,0.1,0.3,0.7,2.3,Este
1631217,Moussa Diabaté,Charlotte Hornets,104,9,14.4,1.9,3.3,0.581,0.0,0.1,0.125,0.8,1.4,0.603,2.2,2.7,4.9,0.6,0.6,0.5,0.7,1.2,4.7,Este
1626192,Pat Connaughton,Charlotte Hornets,595,72,19.2,2.2,5.0,0.438,1.1,3.2,0.356,0.5,0.6,0.773,0.7,2.7,3.4,1.4,0.5,0.3,0.6,1.2,6.0,Este
203486,Mason Plumlee,Charlotte Hornets,860,478,21.9,3.2,5.3,0.595,0.0,0.1,0.039,1.7,3.0,0.577,2.1,4.7,6.7,2.4,0.7,0.8,1.4,2.7,8.0,Este
1630544,Tre Mann,Charlotte Hornets,181,59,21.3,3.6,8.7,0.411,1.4,4.0,0.35,0.9,1.2,0.788,0.5,2.4,2.8,2.3,0.8,0.2,1.2,1.5,9.4,Este
1641706,Brandon Miller,Charlotte Hornets,101,95,32.7,6.7,15.6,0.428,2.9,7.8,0.366,2.1,2.5,0.837,0.8,3.6,4.4,2.7,0.9,0.6,2.1,2.6,18.3,Este
1642354,KJ Simpson,Charlotte Hornets,36,15,23.4,2.9,8.4,0.346,0.9,3.6,0.254,1.1,1.4,0.82,1.1,1.9,3.0,3.1,0.9,0.2,1.6,1.6,7.8,Este
203915,Spencer Dinwiddie,Charlotte Hornets,621,345,27.7,4.2,10.2,0.414,1.6,4.7,0.333,3.0,3.8,0.796,0.4,2.6,3.0,5.1,0.7,0.3,1.6,2.2,13.0,Este
1642275,Tidjane Salaün,Charlotte Hornets,60,10,20.7,1.9,5.8,0.33,1.0,3.4,0.283,1.1,1.6,0.713,1.2,3.5,4.7,1.2,0.5,0.2,1.0,1.4,5.9,Este
1630641,Ibou Badji,Charlotte Hornets,22,1,10.2,0.6,1.0,0.636,0.0,0.0,0.0,0.3,0.5,0.5,0.9,1.4,2.3,0.6,0.1,0.9,0.7,2.1,1.5,Este
