,PLAYER_ID,LEAGUE_ID,TEAM_ID,GP,GS,MIN,FGM,FGA,FG_PCT,FG3M,FG3A,FG3_PCT,FTM,FTA,FT_PCT,OREB,DREB,REB,AST,STL,BLK,TOV,PF,PTS,PLAYER,TEAM_NAME
0,1629627,00,0,214,214,31.4,9.5,16.2,0.589,0.1,0.5,0.327,5.4,7.9,0.689,2.3,4.3,6.6,4.3,1.0,0.6,2.8,2.3,24.7,Zion Williamson,New Orleans Pelicans
1,1630529,00,0,240,231,30.2,3.7,7.7,0.477,1.0,2.8,0.366,1.8,2.2,0.824,1.2,2.6,3.8,2.5,1.6,0.7,1.3,3.1,10.1,Herbert Jones,New Orleans Pelicans
2,1629673,00,0,412,249,27.5,5.7,13.5,0.422,2.5,7.1,0.345,3.0,3.4,0.879,0.4,2.3,2.7,3.8,0.9,0.3,2.3,2.5,16.8,Jordan Poole,New Orleans Pelicans
3,1627749,00,0,503,432,29.3,6.2,13.6,0.453,1.2,3.5,0.34,2.0,2.5,0.79,0.9,4.9,5.8,5.4,1.5,0.3,2.1,1.8,15.5,Dejounte Murray,New Orleans Pelicans
4,1630531,00,0,110,6,8.8,1.0,2.5,0.409,0.2,0.9,0.238,0.6,0.8,0.773,0.5,0.9,1.4,0.8,0.6,0.2,0.5,1.1,2.9,Jaden Springer,New Orleans Pelicans
5,1631121,00,0,118,21,14.4,1.6,3.8,0.415,0.5,1.6,0.323,1.1,1.4,0.766,0.3,1.3,1.7,0.9,0.3,0.1,0.7,1.1,4.8,Bryce McGowens,New Orleans Pelicans
6,1630631,00,0,227,34,20.0,3.0,7.3,0.411,1.3,3.8,0.348,0.9,1.1,0.757,0.5,1.8,2.2,3.1,1.2,0.2,1.1,1.7,8.2,Jose Alvarado,New Orleans Pelicans
7,1631255,00,0,42,7,18.8,3.2,5.6,0.574,0.5,1.6,0.318,0.8,1.0,0.773,1.5,3.5,5.0,1.1,0.5,1.0,1.0,2.5,7.7,Karlo Matković,New Orleans Pelicans
8,1642274,00,0,73,67,26.8,3.7,6.7,0.547,0.0,0.0,0.0,1.7,2.8,0.623,3.5,4.7,8.2,1.4,0.5,1.3,1.1,2.0,9.1,Yves Missi,New Orleans Pelicans
9,1641725,00,0,24,0,4.9,0.5,1.7,0.317,0.1,0.7,0.176,0.1,0.2,0.75,0.0,0.5,0.5,0.5,0.1,0.0,0.2,0.4,1.3,Trey Alexander,New Orleans Pelicans
10,1641722,00,0,123,19,20.2,3.1,8.2,0.376,1.8,5.1,0.348,1.2,1.4,0.826,0.4,2.0,2.5,1.1,0.4,0.2,0.8,1.0,9.2,Jordan Hawkins,New Orleans Pelicans
11,1630530,00,0,251,140,27.3,4.6,10.1,0.454,2.4,6.2,0.383,2.2,2.5,0.875,0.8,3.1,3.9,1.8,0.9,0.5,0.9,1.6,13.7,Trey Murphy III,New Orleans Pelicans
12,1630180,00,0,292,223,30.1,4.7,11.5,0.408,2.2,6.3,0.352,2.4,2.9,0.842,1.4,3.8,5.2,1.8,0.8,0.2,1.0,1.5,14.1,Saddiq Bey,New Orleans Pelicans
13,1626172,00,0,599,262,17.2,2.1,3.7,0.575,0.0,0.1,0.185,0.7,1.2,0.608,2.1,3.5,5.7,1.6,0.5,0.5,0.6,2.2,5.0,Kevon Looney,New Orleans Pelicans
14,1631108,00,0,186,46,19.3,2.1,5.0,0.426,1.0,2.7,0.37,1.0,1.2,0.841,0.3,2.2,2.6,1.2,0.5,0.3,0.7,1.1,6.2,Max Christie,Dallas Mavericks
15,203957,00,0,320,102,18.8,2.3,5.3,0.435,0.8,2.2,0.343,0.9,1.1,0.765,0.4,1.6,1.9,2.3,0.4,0.2,1.2,1.7,6.2,Danté Exum,Dallas Mavericks
16,1630702,00,0,178,15,14.6,2.9,6.9,0.425,1.2,3.2,0.381,1.0,1.4,0.763,0.2,1.5,1.7,1.4,0.4,0.1,1.1,1.3,8.1,Jaden Hardy,Dallas Mavericks
17,1641726,00,0,91,71,23.4,3.9,5.4,0.729,0.0,0.0,0.0,1.0,1.7,0.565,2.6,4.5,7.1,1.6,0.6,1.5,1.0,2.7,8.8,Dereck Lively II,Dallas Mavericks
18,203076,00,0,787,780,34.5,9.0,17.3,0.522,0.5,1.6,0.296,5.6,7.0,0.794,2.7,8.0,10.7,2.6,1.3,2.3,2.0,2.3,24.1,Anthony Davis,Dallas Mavericks
19,1628372,00,0,326,152,23.3,3.8,9.2,0.407,0.8,2.8,0.298,1.4,2.0,0.674,0.7,2.3,3.0,4.2,1.2,0.3,1.9,2.1,9.7,Dennis Smith Jr.,Dallas Mavericks
20,1626156,00,0,629,536,29.8,6.2,14.5,0.427,2.5,6.9,0.365,2.3,2.9,0.796,0.5,2.9,3.4,5.7,1.1,0.3,2.6,1.9,17.3,D'Angelo Russell,Dallas Mavericks
21,1630625,00,0,216,19,14.5,2.5,6.2,0.402,0.7,2.4,0.304,1.1,1.4,0.728,0.6,1.7,2.2,2.0,0.5,0.4,1.1,1.0,6.8,Dalano Banton,Dallas Mavericks
22,203939,00,0,705,254,17.8,2.5,4.1,0.604,0.2,0.6,0.294,1.6,2.1,0.736,1.5,2.7,4.2,1.0,0.6,0.4,0.7,2.2,6.7,Dwight Powell,Dallas Mavericks
23,1630314,00,0,74,19,16.7,3.0,7.1,0.426,0.8,2.4,0.32,1.8,2.4,0.744,0.5,1.5,2.0,2.5,0.7,0.2,1.4,1.2,8.6,Brandon Williams,Dallas Mavericks
24,202681,00,0,779,779,34.5,8.7,18.4,0.474,2.4,6.1,0.394,3.8,4.3,0.888,0.8,3.3,4.1,5.6,1.3,0.4,2.5,2.3,23.7,Kyrie Irving,Dallas Mavericks
25,1630230,00,0,299,67,21.4,3.2,7.1,0.456,0.8,2.6,0.302,1.5,2.0,0.786,0.8,3.0,3.8,2.3,0.8,0.2,1.2,1.5,8.8,Naji Marshall,Dallas Mavericks
26,1628997,00,0,311,112,24.3,3.1,6.9,0.447,1.0,2.9,0.357,1.2,1.6,0.734,1.0,2.8,3.9,1.6,0.9,0.4,1.0,1.8,8.4,Caleb Martin,Dallas Mavericks
27,1629655,00,0,378,215,19.8,3.8,5.4,0.709,0.0,0.0,0.0,1.6,2.3,0.672,2.2,3.5,5.6,1.1,0.5,1.5,1.0,2.5,9.3,Daniel Gafford,Dallas Mavericks
28,1629023,00,0,390,320,30.6,4.9,10.9,0.448,1.7,4.9,0.358,1.6,2.3,0.709,1.2,4.6,5.9,2.3,1.0,1.0,1.6,2.5,13.1,P.J. Washington,Dallas Mavericks
29,202691,00,0,865,814,32.1,7.1,15.8,0.451,3.1,7.6,0.411,1.8,2.1,0.86,0.5,3.0,3.5,2.3,0.8,0.5,1.6,2.0,19.1,Klay Thompson,Dallas Mavericks
30,1630526,00,0,197,66,17.6,2.3,5.1,0.441,0.8,2.4,0.342,0.7,0.8,0.796,1.4,2.9,4.3,1.0,0.5,0.2,0.6,1.3,6.0,Jeremiah Robinson-Earl,Dallas Mavericks
31,1631128,00,0,237,87,23.3,3.5,6.7,0.528,0.8,2.0,0.384,1.3,1.7,0.752,0.9,2.8,3.8,1.7,0.7,0.4,0.7,1.7,9.2,Christian Braun,Denver Nuggets
32,1631124,00,0,115,4,16.8,2.5,6.2,0.412,1.2,3.5,0.332,0.8,1.1,0.793,0.2,1.6,1.8,1.1,0.5,0.2,0.7,1.8,7.1,Julian Strawther,Denver Nuggets
33,1629650,00,0,163,46,11.7,2.1,3.7,0.574,0.0,0.0,0.0,1.1,2.0,0.544,1.9,3.1,4.9,0.2,0.3,0.5,0.6,1.4,5.3,Moses Brown,Denver Nuggets
34,1641816,00,0,69,2,6.5,0.8,2.0,0.379,0.4,1.3,0.307,0.3,0.4,0.75,0.4,0.9,1.3,0.3,0.2,0.1,0.2,0.8,2.2,Hunter Tyson,Denver Nuggets
35,1631212,00,0,171,24,19.5,2.6,5.5,0.472,0.6,1.8,0.328,1.0,1.5,0.673,0.6,2.4,3.1,1.1,0.5,1.1,0.7,1.6,6.8,Peyton Watson,Denver Nuggets
36,203501,00,0,813,422,27.4,4.7,11.4,0.417,2.3,6.3,0.361,2.0,2.4,0.815,0.3,2.6,2.9,1.8,0.6,0.1,1.0,1.6,13.7,Tim Hardaway Jr.,Denver Nuggets
37,1628971,00,0,457,268,24.9,3.5,7.3,0.476,0.6,1.8,0.337,1.3,1.7,0.768,1.0,3.2,4.2,2.4,0.9,0.5,1.1,2.3,8.9,Bruce Brown,Denver Nuggets
38,203999,00,0,745,704,31.7,8.4,15.0,0.56,1.1,3.0,0.36,3.9,4.8,0.824,2.7,8.3,10.9,7.2,1.3,0.7,2.9,2.7,21.8,Nikola Jokić,Denver Nuggets
39,202685,00,0,937,848,25.1,5.2,9.3,0.56,0.3,0.7,0.341,2.4,3.0,0.794,2.7,6.6,9.3,1.4,0.4,0.9,1.6,2.8,13.1,Jonas Valančiūnas,Denver Nuggets
40,1630556,00,0,178,45,12.7,1.4,3.2,0.428,0.6,1.7,0.36,0.2,0.3,0.786,0.6,1.6,2.2,0.6,0.4,0.3,0.4,1.2,3.6,Kessler Edwards,Denver Nuggets
41,1642461,00,0,20,0,6.2,0.6,1.7,0.324,0.1,0.9,0.059,0.2,0.2,1.0,0.4,0.5,0.9,0.3,0.3,0.3,0.3,0.9,1.3,Spencer Jones,Denver Nuggets
42,1630192,00,0,251,11,12.0,1.6,3.1,0.509,0.4,1.1,0.362,0.6,1.0,0.653,0.9,1.3,2.3,0.4,0.3,0.5,0.4,1.4,4.2,Zeke Nnaji,Denver Nuggets
43,1629661,00,0,340,181,26.5,4.4,9.8,0.453,2.3,5.9,0.392,1.7,2.0,0.851,0.8,3.2,3.9,2.0,0.8,0.3,0.9,1.7,12.9,Cameron Johnson,Denver Nuggets
44,1629618,00,0,76,4,10.4,1.2,2.8,0.428,0.6,1.7,0.389,0.1,0.2,0.75,0.2,0.9,1.1,1.7,0.3,0.1,0.4,0.7,3.2,Jalen Pickett,Denver Nuggets
45,1627750,00,0,536,461,31.3,6.6,14.6,0.455,2.1,5.6,0.381,2.6,2.9,0.87,0.8,3.0,3.8,4.7,1.0,0.4,2.0,1.8,18.0,Jamal Murray,Denver Nuggets
46,203932,00,0,720,622,29.3,5.1,10.6,0.484,1.1,3.2,0.331,2.2,3.2,0.693,1.7,4.5,6.2,2.7,0.7,0.6,1.5,2.0,13.6,Aaron Gordon,Denver Nuggets
47,1627780,00,0,270,51,14.9,2.3,4.2,0.557,0.5,1.4,0.34,0.4,0.6,0.625,0.9,1.9,2.8,1.2,1.0,0.3,0.6,1.7,5.5,Gary Payton II,Golden State Warriors
48,1630228,00,0,258,84,22.0,4.7,9.3,0.507,0.8,2.4,0.332,2.3,3.3,0.696,1.1,3.0,4.0,1.8,0.6,0.4,1.4,2.2,12.5,Jonathan Kuminga,Golden State Warriors
49,1641764,00,0,138,61,26.7,4.0,8.9,0.449,1.5,3.9,0.378,0.9,1.3,0.701,1.3,4.1,5.4,3.6,0.9,0.2,1.2,1.6,10.4,Brandin Podziemski,Golden State Warriors
50,1630541,00,0,255,57,16.6,2.5,5.5,0.449,1.1,3.1,0.367,1.0,1.2,0.775,0.6,1.6,2.2,0.9,0.5,0.3,0.6,1.2,7.0,Moses Moody,Golden State Warriors
51,1627741,00,0,714,434,28.3,5.4,12.6,0.433,3.0,7.5,0.397,1.2,1.4,0.858,0.7,3.4,4.1,2.5,0.9,0.3,1.6,2.0,15.0,Buddy Hield,Golden State Warriors
52,1629001,00,0,356,148,22.9,3.2,7.9,0.41,1.5,4.1,0.369,1.1,1.4,0.779,0.7,3.0,3.7,2.8,1.4,0.5,1.4,2.0,9.1,De'Anthony Melton,Golden State Warriors
53,202710,00,0,869,764,33.1,5.9,12.6,0.472,0.8,2.4,0.328,5.7,6.7,0.843,1.7,3.7,5.3,4.3,1.6,0.4,1.6,1.4,18.3,Jimmy Butler III,Golden State Warriors
54,1629716,00,0,18,2,8.4,1.0,1.6,0.643,0.0,0.1,0.0,0.4,0.7,0.667,0.7,1.6,2.3,0.2,0.3,0.5,0.3,0.6,2.4,Marques Bolden,Golden State Warriors
55,1630611,00,0,79,2,12.1,1.4,3.0,0.47,0.6,1.6,0.338,0.6,0.7,0.763,1.1,1.7,2.8,1.2,0.4,0.2,0.6,1.4,3.9,Gui Santos,Golden State Warriors
56,201143,00,0,1138,1078,31.6,5.3,10.5,0.509,0.9,2.3,0.377,1.4,1.8,0.763,1.9,6.0,7.9,3.2,0.8,1.1,1.4,2.1,12.9,Al Horford,Golden State Warriors
57,1642366,00,0,42,14,16.3,2.9,6.5,0.449,1.7,4.3,0.408,0.5,0.6,0.778,0.8,2.7,3.5,1.3,0.4,0.4,0.8,2.0,8.1,Quinten Post,Golden State Warriors
58,203110,00,0,881,726,28.7,3.2,7.1,0.449,0.8,2.6,0.32,1.4,2.0,0.71,1.1,5.8,6.9,5.6,1.3,1.0,2.3,2.9,8.7,Draymond Green,Golden State Warriors
59,201939,00,0,1026,1020,34.1,8.4,17.9,0.471,4.0,9.3,0.423,3.9,4.3,0.911,0.7,4.0,4.7,6.4,1.5,0.3,3.1,2.3,24.7,Stephen Curry,Golden State Warriors
60,203552,00,0,550,224,22.5,3.6,7.7,0.471,1.7,4.0,0.433,0.9,1.1,0.863,0.3,1.7,2.0,1.9,0.7,0.1,1.0,1.5,10.0,Seth Curry,Golden State Warriors
61,1631218,00,0,130,53,16.1,3.1,4.9,0.642,0.0,0.0,0.0,1.0,1.8,0.568,2.0,3.0,5.0,1.4,0.4,0.9,0.7,1.4,7.3,Trayce Jackson-Davis,Golden State Warriors
62,1642050,00,0,6,0,8.5,1.3,2.8,0.471,0.5,1.7,0.3,0.5,1.0,0.5,0.5,1.3,1.8,0.7,0.7,0.0,0.2,0.7,3.7,Jackson Rowe,Golden State Warriors
63,1630311,00,0,45,0,6.1,1.0,2.3,0.41,0.1,0.5,0.208,0.2,0.3,0.733,0.4,0.7,1.1,1.2,0.3,0.1,0.4,0.5,2.3,Pat Spencer,Golden State Warriors
64,1628988,00,0,448,66,16.4,2.4,5.6,0.421,1.0,2.5,0.382,0.8,0.9,0.851,0.3,1.3,1.6,2.0,0.6,0.2,0.9,1.4,6.5,Aaron Holiday,Houston Rockets
65,1641708,00,0,131,65,27.6,4.8,8.7,0.549,0.3,1.1,0.221,2.1,3.1,0.684,2.6,4.8,7.4,3.3,1.3,1.0,1.7,2.4,11.9,Amen Thompson,Houston Rockets
66,1627827,00,0,591,444,28.0,3.0,7.0,0.436,1.6,4.3,0.362,0.7,0.9,0.718,1.5,3.0,4.5,1.4,0.8,0.4,0.9,2.2,8.3,Dorian Finney-Smith,Houston Rockets
67,1627832,00,0,550,401,31.3,5.0,12.5,0.401,2.5,6.8,0.371,2.3,2.7,0.862,0.4,3.0,3.4,5.7,1.4,0.5,1.7,2.2,14.9,Fred VanVleet,Houston Rockets
68,201142,00,0,1123,1120,36.7,9.4,18.7,0.502,2.0,5.0,0.39,6.5,7.4,0.882,0.7,6.3,7.0,4.4,1.0,1.1,3.2,1.9,27.2,Kevin Durant,Houston Rockets
69,1630256,00,0,296,153,21.6,3.3,6.6,0.493,0.6,1.9,0.309,1.1,1.6,0.7,1.4,2.7,4.1,2.0,0.8,0.4,1.2,2.8,8.3,Jae'Sean Tate,Houston Rockets
70,1630284,00,0,36,0,12.9,1.4,3.1,0.445,0.4,1.2,0.372,0.9,1.1,0.756,0.8,1.2,2.0,0.5,0.5,0.1,0.6,1.6,4.0,Kevon Harris,Houston Rockets
71,1631095,00,0,212,194,31.1,4.7,10.8,0.432,1.7,4.9,0.34,2.0,2.4,0.805,1.7,5.7,7.5,1.3,0.6,0.8,1.2,2.6,13.0,Jabari Smith Jr.,Houston Rockets
72,203500,00,0,764,644,25.8,3.7,6.3,0.586,0.0,0.0,0.059,1.5,2.8,0.533,3.6,4.4,8.0,1.5,0.8,0.9,1.4,2.4,8.8,Steven Adams,Houston Rockets
73,1642263,00,0,52,3,12.6,1.6,4.6,0.351,0.9,2.7,0.338,0.3,0.3,0.813,0.3,1.2,1.5,1.4,0.7,0.3,0.7,1.0,4.4,Reed Sheppard,Houston Rockets
74,1631106,00,0,161,21,22.8,4.1,8.7,0.466,0.9,2.5,0.345,1.3,1.8,0.741,2.3,4.0,6.3,1.2,1.4,0.7,1.2,2.3,10.3,Tari Eason,Houston Rockets
75,1631120,00,0,36,0,5.5,0.7,1.8,0.385,0.3,0.9,0.281,0.3,0.4,0.692,0.2,0.7,0.9,0.9,0.2,0.1,0.5,0.3,1.9,JD Davison,Houston Rockets
76,1629006,00,0,416,167,19.1,2.0,5.0,0.406,0.7,2.2,0.299,1.6,2.1,0.747,1.1,1.9,3.0,1.2,0.9,0.4,0.8,1.7,6.3,Josh Okogie,Houston Rockets
77,1642384,00,0,15,0,3.0,0.3,0.7,0.455,0.1,0.3,0.2,0.1,0.3,0.5,0.1,0.5,0.5,0.1,0.1,0.1,0.1,0.1,0.9,Isaiah Crawford,Houston Rockets
78,1630578,00,0,286,224,28.3,6.2,12.1,0.518,0.4,1.3,0.272,3.2,4.5,0.701,2.9,5.7,8.6,4.1,1.0,0.9,2.4,3.1,16.0,Alperen Sengun,Houston Rockets
79,203991,00,0,664,587,26.2,5.2,8.5,0.617,0.0,0.0,0.0,1.5,2.8,0.544,3.7,6.9,10.5,1.0,0.7,1.4,1.1,2.3,12.0,Clint Capela,Houston Rockets
80,201145,00,0,1217,660,27.3,4.3,9.5,0.45,1.0,2.9,0.338,2.3,2.9,0.804,0.8,3.2,4.0,1.5,0.6,0.5,1.3,2.1,11.8,Jeff Green,Houston Rockets
81,203078,00,0,801,752,34.4,7.9,17.1,0.464,2.1,5.7,0.376,3.6,4.3,0.821,0.9,3.2,4.1,4.3,1.1,0.4,2.4,2.3,21.5,Bradley Beal,Los Angeles Clippers
82,201935,00,0,1151,937,34.8,7.1,16.2,0.439,2.8,7.6,0.363,7.1,8.2,0.861,0.8,4.9,5.6,7.2,1.5,0.6,3.7,2.5,24.1,James Harden,Los Angeles Clippers
83,202695,00,0,733,704,31.8,7.3,14.6,0.499,1.6,4.1,0.392,3.9,4.5,0.86,1.2,5.2,6.4,3.1,1.7,0.6,1.7,1.7,20.1,Kawhi Leonard,Los Angeles Clippers
84,101108,00,0,1354,1314,33.7,6.0,12.8,0.47,1.4,3.7,0.37,3.6,4.1,0.871,0.6,3.8,4.4,9.2,2.0,0.2,2.3,2.4,17.0,Chris Paul,Los Angeles Clippers
85,1627884,00,0,497,218,20.3,2.7,5.4,0.507,0.6,2.0,0.325,1.1,1.6,0.706,1.2,2.1,3.3,0.7,0.7,0.6,0.6,1.9,7.2,Derrick Jones Jr.,Los Angeles Clippers
86,1627739,00,0,407,222,23.3,3.1,7.1,0.437,0.6,2.0,0.327,0.8,1.0,0.736,0.5,2.8,3.3,4.0,1.5,0.4,1.6,2.7,7.7,Kris Dunn,Los Angeles Clippers
87,1642280,00,0,6,0,4.3,0.7,1.8,0.364,0.0,0.3,0.0,0.5,0.5,1.0,0.2,0.5,0.7,0.0,0.0,0.0,0.2,0.7,1.8,Trentyn Flowers,Los Angeles Clippers
88,1630554,00,0,21,0,9.2,1.1,2.9,0.4,0.2,1.0,0.238,0.0,0.1,0.0,0.4,1.5,1.9,2.0,0.2,0.0,0.6,0.5,2.5,Jason Preston,Los Angeles Clippers
89,203992,00,0,503,197,28.4,5.2,11.9,0.437,2.5,6.4,0.382,1.5,1.7,0.846,0.5,2.8,3.3,3.2,1.0,0.3,1.4,2.1,14.3,Bogdan Bogdanović,Los Angeles Clippers
90,201572,00,0,1105,1065,30.3,6.0,12.2,0.497,1.0,2.8,0.352,2.8,3.5,0.797,2.0,4.1,6.1,1.5,0.6,1.9,1.6,2.6,15.9,Brook Lopez,Los Angeles Clippers
91,1641757,00,0,45,0,10.0,1.4,3.2,0.441,0.2,0.9,0.225,0.7,0.8,0.811,0.6,0.8,1.4,0.8,0.4,0.1,0.6,0.6,3.7,Jordan Miller,Los Angeles Clippers
92,1642353,00,0,13,0,4.5,0.5,1.8,0.292,0.2,1.0,0.154,0.2,0.3,0.5,0.2,0.7,0.9,0.5,0.4,0.1,0.2,0.3,1.4,Cam Christie,Los Angeles Clippers
93,1628381,00,0,472,410,29.1,6.2,11.4,0.546,1.0,2.9,0.363,2.5,3.2,0.792,2.2,5.8,8.1,1.5,0.6,1.0,1.5,3.0,16.0,John Collins,Los Angeles Clippers
94,1631116,00,0,93,7,8.9,1.3,3.2,0.405,0.8,2.2,0.373,0.3,0.4,0.658,0.2,1.8,2.0,0.5,0.3,0.2,0.4,0.8,3.7,Patrick Baldwin Jr.,Los Angeles Clippers
95,1641738,00,0,84,0,7.9,0.8,1.9,0.432,0.2,0.9,0.27,0.1,0.1,0.667,0.5,1.0,1.5,0.6,0.2,0.1,0.3,0.9,2.0,Kobe Brown,Los Angeles Clippers
96,201587,00,0,1131,871,28.9,3.5,8.1,0.437,1.5,4.2,0.369,1.3,1.6,0.832,1.0,3.9,4.8,3.1,0.9,0.6,1.5,1.7,10.0,Nicolas Batum,Los Angeles Clippers
97,1627826,00,0,584,451,23.0,4.2,6.8,0.616,0.0,0.0,0.083,1.8,2.4,0.726,2.6,5.5,8.1,1.4,0.4,1.0,1.2,2.4,10.2,Ivica Zubac,Los Angeles Clippers
98,1629020,00,0,309,170,20.0,2.4,4.2,0.56,0.2,0.6,0.288,0.9,1.5,0.638,2.0,4.2,6.2,1.4,1.1,0.4,1.0,2.0,5.9,Jarred Vanderbilt,Los Angeles Lakers
99,1641733,00,0,111,27,18.9,3.0,7.7,0.391,1.5,4.1,0.369,0.5,0.5,0.918,0.3,1.5,1.8,1.8,0.2,0.1,1.1,1.2,8.0,Nick Smith Jr.,Los Angeles Lakers
100,1642261,00,0,78,16,19.1,3.3,7.1,0.461,1.6,4.4,0.376,0.8,1.1,0.762,0.5,2.3,2.8,0.8,0.3,0.1,0.5,1.2,9.1,Dalton Knecht,Los Angeles Lakers
101,1629028,00,0,398,391,30.8,7.3,12.4,0.59,0.1,0.3,0.23,1.8,2.3,0.755,3.1,7.4,10.5,1.6,0.7,1.0,1.7,2.6,16.4,Deandre Ayton,Los Angeles Lakers
102,1629216,00,0,278,79,21.0,2.6,6.5,0.396,1.4,4.3,0.337,0.5,0.6,0.831,0.3,1.3,1.6,2.0,0.8,0.1,1.0,2.0,7.2,Gabe Vincent,Los Angeles Lakers
103,1642355,00,0,27,1,6.7,0.8,2.5,0.313,0.3,1.2,0.281,0.4,0.5,0.786,0.1,0.5,0.7,0.8,0.3,0.1,0.5,0.5,2.3,Bronny James,Los Angeles Lakers
104,1631132,00,0,95,19,12.0,1.2,2.3,0.519,0.0,0.2,0.063,0.5,0.8,0.644,1.3,1.5,2.8,0.5,0.3,0.8,0.3,1.8,2.9,Christian Koloko,Los Angeles Lakers
105,1629637,00,0,367,87,16.4,2.6,4.1,0.649,0.1,0.3,0.261,1.4,2.1,0.696,1.3,2.6,3.9,0.7,0.5,0.7,0.7,2.0,6.8,Jaxson Hayes,Los Angeles Lakers
106,1631222,00,0,136,6,18.9,2.3,5.4,0.429,1.0,2.7,0.371,1.3,1.7,0.751,1.2,2.1,3.3,1.7,0.8,0.3,1.1,1.8,6.9,Jake LaRavia,Los Angeles Lakers
107,1628467,00,0,440,151,22.3,2.3,5.1,0.443,1.1,3.1,0.354,0.8,1.0,0.776,1.1,3.3,4.4,1.2,0.4,0.9,0.7,2.1,6.4,Maxi Kleber,Los Angeles Lakers
108,1630559,00,0,280,171,30.1,4.8,9.9,0.481,1.8,4.8,0.37,3.1,3.6,0.863,0.7,3.1,3.8,4.3,0.7,0.3,1.8,1.8,14.5,Austin Reaves,Los Angeles Lakers
109,1631466,00,0,47,4,8.6,1.7,3.2,0.517,0.2,0.8,0.282,0.3,0.5,0.583,0.6,0.5,1.1,0.6,0.3,0.1,0.5,0.8,3.9,Nate Williams,Los Angeles Lakers
110,2544,00,0,1562,1560,37.8,9.9,19.6,0.506,1.6,4.7,0.349,5.5,7.5,0.737,1.2,6.4,7.5,7.4,1.5,0.7,3.5,1.8,27.0,LeBron James,Los Angeles Lakers
111,1629060,00,0,337,223,27.7,5.0,10.1,0.496,1.1,2.9,0.381,1.7,2.2,0.764,1.0,3.8,4.9,1.3,0.6,0.3,0.9,1.6,12.8,Rui Hachimura,Los Angeles Lakers
112,1641817,00,0,9,0,2.4,0.4,1.0,0.444,0.0,0.1,0.0,0.0,0.0,0.0,0.1,0.2,0.3,0.2,0.1,0.0,0.2,0.3,0.9,Anton Watson,Los Angeles Lakers
113,203935,00,0,635,387,29.5,3.6,9.2,0.388,1.6,4.9,0.324,1.9,2.4,0.776,0.8,2.6,3.4,4.6,1.6,0.4,1.9,2.5,10.6,Marcus Smart,Los Angeles Lakers
114,1629029,00,0,450,450,34.9,9.7,20.7,0.468,3.1,8.8,0.35,6.2,8.2,0.751,0.9,7.7,8.6,8.2,1.2,0.5,3.9,2.3,28.6,Luka Dončić,Los Angeles Lakers
115,1642389,00,0,3,0,0.7,0.0,0.3,0.0,0.0,0.0,0.0,0.0,0.0,0.0,0.0,0.0,0.0,0.0,0.0,0.0,0.0,0.0,0.0,Zyon Pullin,Minnesota Timberwolves
116,1628978,00,0,416,200,25.5,3.8,8.9,0.427,2.2,5.8,0.38,0.9,1.2,0.772,0.9,3.4,4.3,2.9,1.2,0.3,1.4,1.8,10.7,Donte DiVincenzo,Minnesota Timberwolves
117,1630545,00,0,32,1,10.6,1.7,3.6,0.482,0.3,1.0,0.355,0.5,0.7,0.81,0.3,1.2,1.5,1.0,0.2,0.2,0.5,0.8,4.3,Terrence Shannon Jr.,Minnesota Timberwolves
118,1630183,00,0,366,290,28.5,4.1,8.5,0.482,1.2,3.5,0.348,1.0,1.3,0.752,1.1,3.1,4.2,1.5,0.9,0.8,1.1,3.0,10.3,Jaden McDaniels,Minnesota Timberwolves
119,1642265,00,0,49,1,10.5,1.9,4.3,0.441,0.5,1.5,0.338,0.2,0.3,0.533,0.2,0.8,1.0,2.0,0.4,0.0,1.1,0.8,4.5,Rob Dillingham,Minnesota Timberwolves
120,1630162,00,0,381,363,34.8,8.4,18.8,0.446,2.9,8.0,0.364,4.2,5.2,0.804,0.7,4.6,5.3,4.2,1.3,0.6,2.9,2.0,23.9,Anthony Edwards,Minnesota Timberwolves
121,204060,00,0,723,314,24.2,2.8,6.2,0.447,1.7,4.2,0.409,0.6,0.8,0.774,0.3,2.7,3.0,3.6,0.9,0.1,1.5,1.8,7.9,Joe Ingles,Minnesota Timberwolves
122,1630538,00,0,186,10,17.1,3.2,8.1,0.398,1.7,4.8,0.364,1.3,1.5,0.848,0.2,1.9,2.2,2.6,0.7,0.2,1.3,1.8,9.5,Bones Hyland,Minnesota Timberwolves
123,201144,00,0,1172,1128,31.2,4.9,11.3,0.438,1.6,4.2,0.389,2.5,3.1,0.825,0.5,2.5,2.9,5.7,1.4,0.2,1.9,1.9,14.1,Mike Conley,Minnesota Timberwolves
124,1629675,00,0,406,74,20.9,4.4,9.0,0.487,1.4,3.8,0.373,1.4,1.9,0.728,1.1,3.8,4.9,1.3,0.6,0.9,1.2,2.4,11.6,Naz Reid,Minnesota Timberwolves
125,1641803,00,0,8,0,2.0,0.1,1.0,0.125,0.0,0.4,0.0,0.1,0.1,1.0,0.3,0.3,0.5,0.3,0.1,0.0,0.3,0.5,0.4,Tristen Newton,Minnesota Timberwolves
126,1631262,00,0,19,0,7.8,1.5,3.4,0.453,0.6,1.5,0.379,0.3,0.5,0.556,0.5,0.8,1.4,0.8,0.2,0.1,0.4,0.7,3.9,Jules Bernard,Minnesota Timberwolves
127,1641740,00,0,40,4,13.1,1.4,3.0,0.467,0.6,1.3,0.431,0.7,0.9,0.784,0.7,0.7,1.3,0.7,0.9,0.1,0.2,1.5,4.1,Jaylen Clark,Minnesota Timberwolves
128,1628993,00,0,76,1,7.5,1.0,2.1,0.481,0.1,0.3,0.227,0.4,0.6,0.711,1.0,2.0,3.0,0.4,0.2,0.1,0.4,0.7,2.5,Alize Johnson,Minnesota Timberwolves
129,1642402,00,0,22,1,8.2,0.7,1.7,0.432,0.0,0.5,0.1,0.6,0.9,0.684,0.5,0.9,1.4,0.4,0.1,0.1,0.3,1.0,2.1,Enrique Freeman,Minnesota Timberwolves
130,203497,00,0,829,737,30.7,4.7,7.2,0.656,0.0,0.0,0.0,3.2,5.0,0.641,3.4,8.3,11.7,1.4,0.7,2.1,1.6,2.7,12.6,Rudy Gobert,Minnesota Timberwolves
131,203944,00,0,710,630,32.0,6.9,14.6,0.471,1.2,3.6,0.334,4.0,5.4,0.753,2.0,7.2,9.1,3.8,0.7,0.4,2.8,3.0,19.0,Julius Randle,Minnesota Timberwolves
132,1630548,00,0,102,23,18.4,2.8,6.8,0.421,1.6,4.5,0.363,0.6,0.7,0.803,0.6,2.0,2.5,1.0,0.5,0.1,0.5,1.6,7.9,Johnny Juzang,Minnesota Timberwolves
133,1631159,00,0,30,0,2.8,0.6,1.2,0.543,0.1,0.3,0.2,0.3,0.3,0.9,0.3,0.8,1.0,0.3,0.1,0.1,0.1,0.2,1.6,Leonard Miller,Minnesota Timberwolves
134,1642346,00,0,74,44,19.1,2.8,6.4,0.43,1.1,3.6,0.311,0.3,0.5,0.487,1.2,2.4,3.6,0.8,0.6,0.5,0.5,2.2,6.9,Ryan Dunn,Phoenix Suns
135,1626220,00,0,600,319,26.2,2.5,5.9,0.426,1.5,4.0,0.385,0.5,0.7,0.77,0.7,4.1,4.8,2.4,0.8,0.4,1.0,2.3,7.1,Royce O'Neale,Phoenix Suns
136,1626164,00,0,673,648,34.4,8.5,18.4,0.464,2.1,6.0,0.354,5.2,6.0,0.873,0.6,3.4,4.0,5.2,0.9,0.3,3.0,2.9,24.4,Devin Booker,Phoenix Suns
137,1630208,00,0,257,108,18.1,2.8,4.4,0.64,0.0,0.0,0.2,1.7,2.2,0.738,2.0,3.9,5.9,0.6,0.2,0.9,0.9,2.1,7.3,Nick Richards,Phoenix Suns
138,1628415,00,0,492,465,29.5,5.3,12.5,0.419,1.8,5.1,0.355,1.8,2.3,0.804,0.8,2.5,3.2,2.0,0.9,0.3,1.4,3.3,14.2,Dillon Brooks,Phoenix Suns
139,1630224,00,0,307,307,32.7,7.0,16.6,0.422,2.5,7.4,0.342,3.6,4.5,0.799,0.5,3.7,4.3,3.4,0.8,0.3,2.4,1.6,20.1,Jalen Green,Phoenix Suns
140,1630561,00,0,55,7,11.9,1.7,4.0,0.417,0.3,1.1,0.262,0.6,0.8,0.767,0.8,1.2,2.0,0.9,0.5,0.1,0.6,1.3,4.2,David Duke Jr.,Phoenix Suns
141,1641878,00,0,15,2,24.7,2.8,8.7,0.323,0.8,3.7,0.214,0.9,1.0,0.867,0.9,2.4,3.3,3.7,1.0,0.1,2.1,1.5,7.3,Damion Baugh,Phoenix Suns
142,1628960,00,0,403,252,25.4,3.5,7.8,0.451,2.1,5.1,0.414,1.4,1.6,0.857,0.5,2.5,3.0,2.0,0.7,0.3,1.0,1.6,10.5,Grayson Allen,Phoenix Suns
143,1642345,00,0,61,6,17.1,1.9,3.1,0.604,0.0,0.0,0.0,0.5,0.8,0.58,1.1,2.6,3.6,1.2,0.5,0.5,0.6,1.7,4.2,Oso Ighodaro,Phoenix Suns
144,1630215,00,0,148,19,13.8,2.5,5.7,0.45,0.8,2.4,0.341,0.8,1.0,0.818,0.3,1.2,1.5,2.8,0.6,0.2,1.1,1.4,6.7,Jared Butler,Phoenix Suns
145,1631221,00,0,57,9,12.0,1.8,4.0,0.441,0.9,2.2,0.422,0.5,0.6,0.794,0.4,1.3,1.7,1.8,0.6,0.1,0.5,0.9,4.9,Collin Gillespie,Phoenix Suns
146,1630587,00,0,94,33,21.8,2.1,5.3,0.407,1.3,3.7,0.358,0.6,0.8,0.789,0.6,2.0,2.6,0.9,0.6,0.4,0.6,1.9,6.2,Isaiah Livers,Phoenix Suns
147,1631109,00,0,106,77,23.7,5.0,8.0,0.622,0.0,0.0,0.0,2.3,3.1,0.753,2.8,6.0,8.8,1.4,0.7,1.1,1.2,2.3,12.3,Mark Williams,Phoenix Suns
148,1628502,00,0,9,0,13.6,1.2,3.7,0.333,0.4,1.8,0.25,0.1,0.3,0.333,0.4,2.0,2.4,0.7,0.2,0.3,0.2,0.9,3.0,Nigel Hayes-Davis,Phoenix Suns
149,1630692,00,0,150,24,18.1,2.4,5.9,0.41,0.7,2.2,0.323,0.7,0.9,0.763,1.2,2.6,3.8,2.4,0.9,0.4,0.9,1.4,6.2,Jordan Goodwin,Phoenix Suns
150,203081,00,0,900,900,36.2,8.1,18.4,0.439,3.1,8.4,0.371,5.8,6.5,0.899,0.6,3.7,4.3,6.7,1.0,0.3,2.8,1.9,25.1,Damian Lillard,Portland Trail Blazers
151,1630703,00,0,128,42,27.5,4.6,11.6,0.401,1.5,4.4,0.34,2.5,3.2,0.793,0.8,2.2,3.1,5.2,0.9,0.2,3.0,2.9,13.3,Scoot Henderson,Portland Trail Blazers
152,1631104,00,0,156,4,14.3,1.6,3.9,0.409,0.3,1.1,0.297,0.7,1.2,0.634,0.3,1.2,1.5,2.4,0.6,0.1,1.1,1.3,4.3,Blake Wesley,Portland Trail Blazers
153,1629680,00,0,347,124,21.0,1.9,4.2,0.438,0.9,2.5,0.343,0.3,0.5,0.661,0.6,1.5,2.0,1.1,1.6,0.8,0.6,1.9,4.9,Matisse Thybulle,Portland Trail Blazers
154,201950,00,0,1037,956,32.9,6.2,13.4,0.462,1.5,4.1,0.37,1.9,2.4,0.788,1.0,3.2,4.2,6.2,1.4,0.5,2.6,2.1,15.8,Jrue Holiday,Portland Trail Blazers
155,1630166,00,0,359,209,27.0,4.0,8.7,0.462,1.2,3.4,0.337,2.1,2.8,0.753,1.0,5.3,6.2,2.8,0.8,0.4,1.7,2.5,11.3,Deni Avdija,Portland Trail Blazers
156,203924,00,0,719,434,27.9,4.5,10.0,0.449,1.3,3.6,0.364,2.9,3.8,0.753,0.8,3.1,3.9,1.6,0.7,1.0,1.3,2.3,13.1,Jerami Grant,Portland Trail Blazers
157,1631101,00,0,184,92,27.7,5.3,11.9,0.449,1.7,5.1,0.33,2.0,2.5,0.779,0.9,3.0,3.9,2.1,0.7,0.3,1.7,1.9,14.3,Shaedon Sharpe,Portland Trail Blazers
158,1641712,00,0,91,12,12.0,1.2,3.3,0.37,0.5,1.5,0.321,0.5,0.6,0.764,0.5,1.2,1.8,1.0,0.3,0.1,0.7,1.0,3.4,Rayan Rupert,Portland Trail Blazers
159,1642270,00,0,67,37,19.7,2.7,5.0,0.539,0.2,0.7,0.286,0.9,1.6,0.596,3.2,4.6,7.9,1.1,0.5,1.6,1.1,2.8,6.5,Donovan Clingan,Portland Trail Blazers
160,1631200,00,0,131,35,18.2,2.0,4.9,0.406,0.6,2.3,0.251,0.5,0.9,0.558,1.2,1.9,3.1,1.1,0.7,0.3,0.7,1.2,5.1,Kris Murray,Portland Trail Blazers
161,1641871,00,0,114,20,14.8,2.6,5.8,0.451,1.1,3.1,0.348,0.8,1.0,0.774,1.2,1.8,3.0,0.8,0.4,0.5,0.6,1.8,7.1,Duop Reath,Portland Trail Blazers
162,1641739,00,0,148,127,29.0,3.5,7.8,0.455,1.3,3.6,0.363,1.1,1.5,0.738,2.1,3.3,5.4,1.8,1.2,0.6,1.3,2.7,9.5,Toumani Camara,Portland Trail Blazers
163,1629057,00,0,235,100,20.2,3.2,4.4,0.723,0.0,0.0,0.143,0.8,1.2,0.674,2.5,4.3,6.8,1.4,0.7,1.7,0.9,1.9,7.2,Robert Williams III,Portland Trail Blazers
164,1631321,00,0,34,0,7.5,0.9,1.9,0.46,0.1,0.7,0.16,0.4,0.7,0.625,0.5,0.8,1.3,0.7,0.3,0.1,0.4,0.8,2.3,Sidy Cissoko,Portland Trail Blazers
165,1641815,00,0,3,0,1.7,0.0,0.7,0.0,0.0,0.3,0.0,0.0,0.0,0.0,0.0,0.7,0.7,0.0,0.3,0.0,0.0,0.0,0.0,Isaiah Stevens,Sacramento Kings
166,1628370,00,0,523,83,22.8,4.4,10.2,0.434,1.8,5.1,0.35,1.7,1.9,0.848,0.4,2.3,2.6,3.2,0.6,0.3,1.6,1.7,12.3,Malik Monk,Sacramento Kings
167,1629056,00,0,228,24,16.1,2.9,6.7,0.433,1.4,4.0,0.366,0.7,0.9,0.826,0.4,2.3,2.7,1.3,0.7,0.2,1.0,1.7,8.0,Terence Davis,Sacramento Kings
168,1642403,00,0,40,0,7.6,1.4,2.1,0.651,0.1,0.2,0.375,0.6,0.9,0.639,0.6,0.9,1.4,0.3,0.1,0.3,0.4,0.8,3.4,Isaac Jones,Sacramento Kings
169,203926,00,0,697,97,19.5,3.2,6.9,0.47,1.4,3.4,0.411,0.7,0.9,0.804,0.4,1.7,2.1,1.0,0.2,0.1,0.6,1.4,8.6,Doug McDermott,Sacramento Kings
170,203897,00,0,654,565,32.8,7.4,15.8,0.47,2.3,6.0,0.391,3.6,4.3,0.833,0.4,3.6,4.1,4.0,0.9,0.3,2.6,2.1,20.8,Zach LaVine,Sacramento Kings
171,203967,00,0,493,230,22.5,3.7,8.3,0.444,1.3,3.6,0.36,1.7,2.0,0.837,1.4,4.0,5.3,1.9,0.6,0.2,1.5,2.0,10.4,Dario Šarić,Sacramento Kings
172,201942,00,0,1187,1175,34.7,7.6,16.3,0.469,0.5,1.7,0.3,5.5,6.6,0.842,0.7,3.7,4.4,4.1,1.0,0.3,2.0,2.2,21.3,DeMar DeRozan,Sacramento Kings
173,1627734,00,0,646,506,30.8,6.3,11.2,0.56,0.5,1.4,0.347,3.0,4.1,0.729,2.7,7.9,10.7,4.9,0.8,0.5,2.6,3.1,16.1,Domantas Sabonis,Sacramento Kings
174,1631099,00,0,233,231,32.5,5.0,11.1,0.451,2.3,6.3,0.372,1.0,1.2,0.812,1.5,4.1,5.6,1.4,0.9,0.7,0.8,2.4,13.3,Keegan Murray,Sacramento Kings
175,203471,00,0,843,424,27.3,5.1,11.8,0.432,1.3,3.7,0.342,2.5,3.0,0.836,0.4,2.5,2.9,4.9,0.8,0.1,2.2,2.1,13.9,Dennis Schröder,Sacramento Kings
176,1629234,00,0,384,75,15.3,2.3,3.8,0.604,0.1,0.1,0.396,1.1,1.5,0.725,1.4,3.1,4.4,1.0,0.4,0.8,0.8,1.6,5.7,Drew Eubanks,Sacramento Kings
177,1642269,00,0,36,0,11.0,1.3,3.5,0.37,0.5,1.7,0.295,0.7,1.2,0.591,0.5,1.6,2.1,1.1,0.6,0.1,0.5,1.1,3.8,Devin Carter,Sacramento Kings
178,1631165,00,0,153,49,19.6,2.2,4.7,0.479,1.4,3.3,0.429,0.7,0.8,0.805,0.6,1.6,2.2,1.4,1.2,0.6,0.7,1.9,6.5,Keon Ellis,Sacramento Kings
179,1631342,00,0,6,0,11.8,2.7,4.2,0.64,1.5,2.8,0.529,0.3,0.3,1.0,0.7,1.2,1.8,0.3,0.0,0.0,0.7,1.7,7.2,Daeqwon Plowden,Sacramento Kings
180,1629162,00,0,288,7,14.1,1.5,3.4,0.445,0.6,1.6,0.373,0.4,0.6,0.743,0.3,1.1,1.4,2.8,0.8,0.1,0.7,0.7,4.1,Jordan McLaughlin,San Antonio Spurs
181,1641705,00,0,117,117,31.1,8.2,17.5,0.469,2.3,6.8,0.339,3.8,4.8,0.809,2.1,8.7,10.8,3.8,1.2,3.7,3.5,2.2,22.5,Victor Wembanyama,San Antonio Spurs
182,1629640,00,0,370,232,28.6,5.7,12.3,0.467,1.6,4.5,0.352,2.5,3.3,0.762,1.2,4.2,5.4,2.2,0.7,0.3,1.3,1.9,15.6,Keldon Johnson,San Antonio Spurs
183,1628368,00,0,531,517,33.3,7.9,16.9,0.47,1.5,4.6,0.33,4.1,5.5,0.746,0.6,3.3,3.9,6.1,1.4,0.4,2.7,2.6,21.5,De'Aaron Fox,San Antonio Spurs
184,1642264,00,0,81,47,26.7,5.2,12.2,0.428,1.2,4.1,0.285,3.1,4.2,0.724,1.1,2.6,3.7,4.1,0.9,0.3,2.2,2.0,14.7,Stephon Castle,San Antonio Spurs
185,1628436,00,0,353,58,14.9,2.1,3.9,0.536,0.4,1.3,0.321,0.6,0.8,0.77,1.4,2.1,3.5,1.1,0.3,0.8,0.4,1.2,5.2,Luke Kornet,San Antonio Spurs
186,203482,00,0,800,283,22.5,3.6,7.5,0.486,1.2,3.1,0.371,1.7,2.2,0.796,1.2,3.9,5.2,2.5,0.8,0.5,1.6,2.9,10.2,Kelly Olynyk,San Antonio Spurs
187,1631110,00,0,184,149,27.3,4.6,9.8,0.468,0.7,2.5,0.29,1.5,2.1,0.725,2.0,4.2,6.1,2.8,0.8,0.5,1.7,2.4,11.4,Jeremy Sochan,San Antonio Spurs
188,1641745,00,0,39,0,5.5,0.7,2.6,0.252,0.4,2.0,0.192,0.0,0.1,0.5,0.2,0.5,0.7,0.4,0.2,0.1,0.1,0.4,1.7,Adam Flagler,San Antonio Spurs
189,1630649,00,0,47,2,8.4,0.9,2.4,0.378,0.6,1.5,0.391,0.7,0.8,0.868,0.3,1.2,1.4,0.3,0.3,0.3,0.4,1.0,3.1,Stanley Umude,San Antonio Spurs
190,202687,00,0,867,377,19.5,2.0,3.7,0.537,0.0,0.0,0.0,1.1,2.0,0.551,1.9,4.0,5.9,0.7,0.3,1.3,0.9,2.2,5.1,Bismack Biyombo,San Antonio Spurs
191,1630170,00,0,303,186,27.7,5.3,11.9,0.444,2.0,5.5,0.369,1.5,1.9,0.806,0.5,3.3,3.8,2.6,1.1,0.4,1.1,1.6,14.1,Devin Vassell,San Antonio Spurs
192,1642434,00,0,1,0,6.0,0.0,1.0,0.0,0.0,1.0,0.0,0.0,0.0,0.0,0.0,2.0,2.0,0.0,0.0,0.0,0.0,0.0,0.0,Riley Minix,San Antonio Spurs
193,1630577,00,0,173,91,21.5,2.9,6.9,0.417,1.8,4.8,0.372,1.0,1.2,0.857,0.7,2.7,3.4,1.3,0.7,0.5,0.8,1.3,8.6,Julian Champagnie,San Antonio Spurs
194,1630695,00,0,64,10,15.2,1.4,3.1,0.453,0.7,2.0,0.344,0.4,0.5,0.833,0.9,2.7,3.6,0.6,0.3,0.3,0.6,1.1,3.9,Micah Potter,San Antonio Spurs
195,203084,00,0,993,932,31.3,4.9,10.7,0.46,1.4,3.8,0.385,2.7,3.3,0.81,1.0,3.8,4.8,1.8,0.7,0.2,1.1,1.5,13.9,Harrison Barnes,San Antonio Spurs
196,1630322,00,0,156,10,13.2,1.8,4.5,0.399,1.4,3.7,0.366,0.2,0.2,0.789,0.3,1.6,1.9,0.8,0.4,0.2,0.3,1.0,5.2,Lindy Waters III,San Antonio Spurs
197,1631127,00,0,5,0,6.8,0.4,0.8,0.5,0.0,0.2,0.0,0.0,0.0,0.0,0.4,1.4,1.8,0.6,0.6,0.0,0.2,0.4,0.8,Harrison Ingram,San Antonio Spurs
198,1641789,00,0,16,0,3.5,0.6,1.4,0.391,0.3,0.7,0.364,0.1,0.3,0.5,0.1,0.3,0.3,0.4,0.1,0.1,0.3,0.6,1.5,Jazian Gortman,Oklahoma City Thunder
199,1628983,00,0,462,453,33.1,8.5,17.0,0.501,1.3,3.7,0.355,6.0,7.0,0.862,0.8,4.0,4.8,5.1,1.4,0.8,2.3,2.3,24.4,Shai Gilgeous-Alexander,Oklahoma City Thunder
200,1629652,00,0,363,354,29.3,4.2,10.2,0.408,2.0,5.6,0.36,1.9,2.4,0.79,1.1,2.8,3.9,1.6,1.0,0.4,1.1,2.9,12.2,Luguentz Dort,Oklahoma City Thunder
201,1631119,00,0,165,46,15.7,1.8,4.1,0.43,1.0,2.5,0.39,0.6,0.8,0.752,0.8,3.7,4.5,1.9,0.5,0.4,0.6,1.7,5.1,Jaylin Williams,Oklahoma City Thunder
202,1631096,00,0,114,114,28.9,5.9,11.4,0.519,1.5,4.1,0.372,2.8,3.6,0.78,1.6,6.4,7.9,2.3,0.7,2.3,1.6,2.4,16.1,Chet Holmgren,Oklahoma City Thunder
203,1631114,00,0,215,202,31.3,7.0,13.7,0.513,1.4,3.7,0.382,2.7,3.3,0.803,0.8,3.8,4.6,4.3,1.4,0.6,1.8,2.4,18.1,Jalen Williams,Oklahoma City Thunder
204,1627936,00,0,417,133,22.3,2.4,5.5,0.44,1.0,2.7,0.376,1.0,1.3,0.758,0.6,2.3,2.9,2.8,1.3,0.5,1.2,2.1,6.9,Alex Caruso,Oklahoma City Thunder
205,1630198,00,0,321,29,16.9,2.5,5.9,0.431,1.8,4.5,0.402,0.7,0.8,0.837,0.3,1.7,2.0,1.1,0.5,0.1,0.5,1.2,7.6,Isaiah Joe,Oklahoma City Thunder
206,1631172,00,0,109,2,12.3,1.6,3.9,0.424,0.6,2.2,0.293,0.4,0.5,0.727,0.4,1.7,2.2,1.0,0.4,0.2,0.6,0.9,4.3,Ousmane Dieng,Oklahoma City Thunder
207,1642382,00,0,32,0,7.7,1.3,3.0,0.443,0.7,2.1,0.333,0.4,0.6,0.778,0.5,1.2,1.7,0.4,0.2,0.7,0.2,0.7,3.8,Branden Carlson,Oklahoma City Thunder
208,1642502,00,0,6,0,3.3,0.0,0.3,0.0,0.0,0.2,0.0,0.3,0.7,0.5,0.2,0.3,0.5,0.2,0.0,0.0,0.2,0.7,0.3,Malevy Leons,Oklahoma City Thunder
209,1630598,00,0,274,79,20.0,3.3,6.6,0.504,1.0,2.6,0.389,0.9,1.2,0.794,0.9,2.2,3.2,1.3,0.7,0.2,0.9,1.4,8.6,Aaron Wiggins,Oklahoma City Thunder
210,1641717,00,0,150,56,23.8,3.0,6.2,0.482,1.1,2.9,0.389,0.4,0.5,0.797,0.8,2.0,2.8,2.0,1.3,0.5,0.7,1.8,7.5,Cason Wallace,Oklahoma City Thunder
211,1642349,00,0,36,1,16.6,2.5,5.1,0.495,0.6,1.7,0.383,0.8,1.0,0.829,0.5,1.4,1.9,1.8,0.7,0.1,0.8,1.9,6.5,Ajay Mitchell,Oklahoma City Thunder
212,1629026,00,0,391,78,19.9,2.6,5.5,0.47,0.9,2.4,0.365,0.4,0.7,0.549,1.2,2.9,4.1,1.8,0.8,0.3,0.7,1.9,6.4,Kenrich Williams,Oklahoma City Thunder
213,1628392,00,0,379,114,19.5,2.8,4.8,0.592,0.1,0.3,0.255,1.1,1.6,0.686,2.2,4.2,6.4,2.0,0.7,0.9,1.1,2.5,6.8,Isaiah Hartenstein,Oklahoma City Thunder
214,1641707,00,0,43,26,21.6,2.6,6.0,0.434,1.3,3.5,0.368,0.6,0.8,0.788,1.2,3.5,4.7,0.8,0.8,0.8,0.7,2.0,7.1,Taylor Hendricks,Utah Jazz
215,203937,00,0,714,308,21.5,2.7,5.6,0.478,0.4,1.2,0.34,1.1,1.5,0.716,0.8,3.5,4.3,2.8,1.0,0.6,1.0,1.6,6.8,Kyle Anderson,Utah Jazz
216,1641718,00,0,142,79,29.1,4.8,12.2,0.391,2.3,6.7,0.339,3.0,3.6,0.831,0.3,3.0,3.3,5.0,0.6,0.1,2.6,1.4,14.8,Keyonte George,Utah Jazz
217,1628964,00,0,364,101,16.8,2.6,5.5,0.477,0.8,2.2,0.356,0.7,1.1,0.682,1.5,3.9,5.4,0.8,0.4,1.3,0.8,2.1,6.8,Mo Bamba,Utah Jazz
218,1642262,00,0,50,21,21.2,1.7,5.1,0.323,0.7,2.7,0.259,0.6,0.8,0.725,0.5,1.7,2.3,1.2,0.5,0.3,0.9,1.9,4.6,Cody Williams,Utah Jazz
219,1642268,00,0,71,46,25.9,3.3,7.8,0.422,0.6,2.4,0.249,1.5,2.2,0.682,0.5,2.9,3.3,6.3,0.9,0.2,2.9,2.1,8.7,Isaiah Collier,Utah Jazz
220,1629004,00,0,331,69,16.3,2.3,5.7,0.402,1.3,3.7,0.36,0.6,0.8,0.765,0.4,1.4,1.8,1.4,0.5,0.1,0.9,0.9,6.6,Svi Mykhailiuk,Utah Jazz
221,1641989,00,0,10,0,13.8,1.1,3.5,0.314,0.7,2.5,0.28,0.3,0.6,0.5,0.9,1.2,2.1,0.8,1.0,0.1,0.3,1.8,3.2,Elijah Harkless,Utah Jazz
222,1642271,00,0,72,27,21.1,3.6,7.2,0.502,1.1,3.1,0.35,1.3,2.0,0.65,1.6,4.6,6.1,1.9,0.7,0.3,1.4,2.4,9.6,Kyle Filipowski,Utah Jazz
223,1628374,00,0,450,424,31.0,6.3,13.8,0.455,2.5,6.8,0.371,3.1,3.6,0.867,1.4,5.7,7.1,1.5,0.7,0.5,1.4,1.9,18.2,Lauri Markkanen,Utah Jazz
224,1631117,00,0,196,120,25.2,4.1,6.0,0.68,0.1,0.3,0.196,1.1,2.1,0.537,3.4,5.8,9.2,1.2,0.5,2.4,1.1,2.2,9.4,Walker Kessler,Utah Jazz
225,1641729,00,0,103,26,19.6,3.5,7.9,0.441,1.9,4.7,0.392,1.0,1.1,0.895,0.6,2.5,3.0,1.6,0.6,0.1,1.5,1.5,9.8,Brice Sensabaugh,Utah Jazz
226,203994,00,0,590,490,24.3,4.6,9.3,0.501,0.2,0.8,0.285,2.3,3.5,0.667,2.5,6.3,8.8,2.5,0.9,1.1,2.1,3.1,11.8,Jusuf Nurkić,Utah Jazz
227,1627777,00,0,544,32,17.5,2.7,6.0,0.445,1.6,4.1,0.399,0.5,0.5,0.852,0.3,2.2,2.5,1.0,0.3,0.1,0.7,1.8,7.4,Georges Niang,Utah Jazz
228,1631131,00,0,22,1,13.5,2.4,4.1,0.578,0.0,0.0,0.0,1.3,1.8,0.744,2.5,3.8,6.3,0.5,0.7,0.1,0.5,1.2,6.0,Oscar Tshiebwe,Utah Jazz
229,201567,00,0,952,693,28.9,5.3,12.2,0.438,1.8,4.8,0.369,3.8,4.6,0.828,2.3,7.6,10.0,2.3,0.6,0.4,1.8,1.9,16.2,Kevin Love,Utah Jazz
230,1642377,00,0,79,74,25.9,3.6,8.6,0.425,1.7,5.0,0.352,1.4,1.7,0.822,1.1,2.3,3.4,1.7,0.6,0.1,0.9,1.8,10.4,Jaylen Wells,Memphis Grizzlies
231,1630590,00,0,106,37,21.1,3.7,7.6,0.481,1.1,2.8,0.401,1.6,2.2,0.715,0.8,2.3,3.1,4.2,1.3,0.4,1.8,2.5,10.0,Scotty Pippen Jr.,Memphis Grizzlies
232,1629660,00,0,229,10,18.1,3.2,7.0,0.458,1.2,3.3,0.381,1.1,1.2,0.85,0.4,1.6,2.0,2.8,0.7,0.1,1.0,1.4,8.7,Ty Jerome,Memphis Grizzlies
233,203484,00,0,912,770,29.6,4.0,9.3,0.428,1.7,4.6,0.367,1.5,1.8,0.822,0.6,2.4,3.0,1.8,1.2,0.3,1.0,1.8,11.2,Kentavious Caldwell-Pope,Memphis Grizzlies
234,1631246,00,0,94,39,21.7,2.6,6.2,0.423,1.2,3.5,0.328,1.3,1.7,0.801,0.9,3.4,4.3,2.5,0.7,0.5,1.4,2.0,7.8,Vince Williams Jr.,Memphis Grizzlies
235,1630583,00,0,235,71,22.6,3.7,8.0,0.459,1.4,4.0,0.345,1.1,1.5,0.692,1.2,4.0,5.2,1.9,0.6,0.6,0.9,1.5,9.8,Santi Aldama,Memphis Grizzlies
236,1628991,00,0,407,398,28.6,6.5,14.0,0.466,1.7,4.9,0.351,3.7,4.6,0.792,1.3,4.2,5.5,1.5,1.0,1.9,1.9,3.6,18.5,Jaren Jackson Jr.,Memphis Grizzlies
237,1641765,00,0,92,5,10.0,1.2,3.0,0.396,0.3,1.0,0.26,0.8,1.3,0.658,0.8,1.5,2.2,0.7,0.4,0.1,0.2,0.5,3.5,Olivier-Maxence Prosper,Memphis Grizzlies
238,1629630,00,0,307,305,31.9,8.2,17.4,0.469,1.4,4.3,0.316,4.9,6.4,0.766,0.9,3.8,4.7,7.4,1.0,0.3,3.4,1.7,22.6,Ja Morant,Memphis Grizzlies
239,1630296,00,0,37,0,7.5,1.1,2.5,0.436,0.2,0.7,0.296,0.5,0.8,0.621,0.5,1.5,1.9,0.5,0.4,0.3,0.4,0.8,2.9,Braxton Key,Memphis Grizzlies
240,1641744,00,0,66,55,21.4,3.8,6.6,0.58,0.3,0.8,0.346,1.4,1.9,0.709,3.5,4.8,8.3,1.0,0.5,1.3,1.3,2.8,9.2,Zach Edey,Memphis Grizzlies
241,1629634,00,0,307,48,20.8,4.4,7.2,0.606,0.2,0.6,0.266,1.3,1.9,0.698,1.8,3.7,5.5,1.3,0.7,0.8,0.7,1.9,10.2,Brandon Clarke,Memphis Grizzlies
242,1641790,00,0,19,0,3.5,0.7,1.3,0.583,0.1,0.4,0.25,0.2,0.2,0.75,0.3,0.8,1.2,0.2,0.0,0.2,0.1,0.6,1.7,PJ Hall,Memphis Grizzlies
243,1642285,00,0,25,1,10.1,1.4,3.3,0.415,0.8,2.1,0.365,0.8,0.8,1.0,0.5,0.7,1.2,1.4,0.4,0.0,0.2,0.9,4.2,Cam Spencer,Memphis Grizzlies
244,1629111,00,0,221,11,12.8,2.1,4.1,0.518,0.3,1.1,0.297,0.9,1.1,0.765,1.5,1.8,3.3,1.0,0.3,0.4,0.6,1.4,5.4,Jock Landale,Memphis Grizzlies
245,1641713,00,0,77,21,22.0,4.1,9.9,0.413,1.7,4.9,0.352,1.9,2.5,0.746,1.0,2.7,3.7,1.1,0.5,0.4,1.2,1.2,11.8,GG Jackson,Memphis Grizzlies
246,1629723,00,0,307,57,17.2,1.6,3.4,0.469,0.6,1.8,0.361,0.4,0.5,0.727,1.0,3.0,4.0,1.4,0.8,0.4,0.5,1.2,4.2,John Konchar,Memphis Grizzlies
